// Code generated by protoc-gen-go. DO NOT EDIT.
// versions:
// 	protoc-gen-go v1.36.3
// 	protoc        v5.29.3
// source: services/clientrpc/service.proto

package clientrpc

import (
	clientpb "github.com/chainreactors/IoM-go/proto/client/clientpb"
	rootpb "github.com/chainreactors/IoM-go/proto/client/rootpb"
	implantpb "github.com/chainreactors/IoM-go/proto/implant/implantpb"
	protoreflect "google.golang.org/protobuf/reflect/protoreflect"
	protoimpl "google.golang.org/protobuf/runtime/protoimpl"
	reflect "reflect"
)

const (
	// Verify that this generated code is sufficiently up-to-date.
	_ = protoimpl.EnforceVersion(20 - protoimpl.MinVersion)
	// Verify that runtime/protoimpl is sufficiently up-to-date.
	_ = protoimpl.EnforceVersion(protoimpl.MaxVersion - 20)
)

var File_services_clientrpc_service_proto protoreflect.FileDescriptor

var file_services_clientrpc_service_proto_rawDesc = []byte{
	0x0a, 0x20, 0x73, 0x65, 0x72, 0x76, 0x69, 0x63, 0x65, 0x73, 0x2f, 0x63, 0x6c, 0x69, 0x65, 0x6e,
	0x74, 0x72, 0x70, 0x63, 0x2f, 0x73, 0x65, 0x72, 0x76, 0x69, 0x63, 0x65, 0x2e, 0x70, 0x72, 0x6f,
	0x74, 0x6f, 0x12, 0x09, 0x63, 0x6c, 0x69, 0x65, 0x6e, 0x74, 0x72, 0x70, 0x63, 0x1a, 0x1c, 0x63,
	0x6c, 0x69, 0x65, 0x6e, 0x74, 0x2f, 0x63, 0x6c, 0x69, 0x65, 0x6e, 0x74, 0x70, 0x62, 0x2f, 0x63,
	0x6c, 0x69, 0x65, 0x6e, 0x74, 0x2e, 0x70, 0x72, 0x6f, 0x74, 0x6f, 0x1a, 0x18, 0x63, 0x6c, 0x69,
	0x65, 0x6e, 0x74, 0x2f, 0x72, 0x6f, 0x6f, 0x74, 0x70, 0x62, 0x2f, 0x72, 0x6f, 0x6f, 0x74, 0x2e,
	0x70, 0x72, 0x6f, 0x74, 0x6f, 0x1a, 0x1e, 0x69, 0x6d, 0x70, 0x6c, 0x61, 0x6e, 0x74, 0x2f, 0x69,
	0x6d, 0x70, 0x6c, 0x61, 0x6e, 0x74, 0x70, 0x62, 0x2f, 0x6d, 0x6f, 0x64, 0x75, 0x6c, 0x65, 0x2e,
	0x70, 0x72, 0x6f, 0x74, 0x6f, 0x1a, 0x1f, 0x69, 0x6d, 0x70, 0x6c, 0x61, 0x6e, 0x74, 0x2f, 0x69,
	0x6d, 0x70, 0x6c, 0x61, 0x6e, 0x74, 0x70, 0x62, 0x2f, 0x69, 0x6d, 0x70, 0x6c, 0x61, 0x6e, 0x74,
	0x2e, 0x70, 0x72, 0x6f, 0x74, 0x6f, 0x32, 0xc3, 0x4c, 0x0a, 0x09, 0x4d, 0x61, 0x6c, 0x69, 0x63,
	0x65, 0x52, 0x50, 0x43, 0x12, 0x33, 0x0a, 0x0b, 0x4c, 0x6f, 0x67, 0x69, 0x6e, 0x43, 0x6c, 0x69,
	0x65, 0x6e, 0x74, 0x12, 0x12, 0x2e, 0x63, 0x6c, 0x69, 0x65, 0x6e, 0x74, 0x70, 0x62, 0x2e, 0x4c,
	0x6f, 0x67, 0x69, 0x6e, 0x52, 0x65, 0x71, 0x1a, 0x10, 0x2e, 0x63, 0x6c, 0x69, 0x65, 0x6e, 0x74,
	0x70, 0x62, 0x2e, 0x43, 0x6c, 0x69, 0x65, 0x6e, 0x74, 0x12, 0x2c, 0x0a, 0x08, 0x47, 0x65, 0x74,
	0x42, 0x61, 0x73, 0x69, 0x63, 0x12, 0x0f, 0x2e, 0x63, 0x6c, 0x69, 0x65, 0x6e, 0x74, 0x70, 0x62,
	0x2e, 0x45, 0x6d, 0x70, 0x74, 0x79, 0x1a, 0x0f, 0x2e, 0x63, 0x6c, 0x69, 0x65, 0x6e, 0x74, 0x70,
	0x62, 0x2e, 0x42, 0x61, 0x73, 0x69, 0x63, 0x12, 0x30, 0x0a, 0x0a, 0x47, 0x65, 0x74, 0x43, 0x6c,
	0x69, 0x65, 0x6e, 0x74, 0x73, 0x12, 0x0f, 0x2e, 0x63, 0x6c, 0x69, 0x65, 0x6e, 0x74, 0x70, 0x62,
	0x2e, 0x45, 0x6d, 0x70, 0x74, 0x79, 0x1a, 0x11, 0x2e, 0x63, 0x6c, 0x69, 0x65, 0x6e, 0x74, 0x70,
	0x62, 0x2e, 0x43, 0x6c, 0x69, 0x65, 0x6e, 0x74, 0x73, 0x12, 0x3b, 0x0a, 0x0b, 0x47, 0x65, 0x74,
	0x53, 0x65, 0x73, 0x73, 0x69, 0x6f, 0x6e, 0x73, 0x12, 0x18, 0x2e, 0x63, 0x6c, 0x69, 0x65, 0x6e,
	0x74, 0x70, 0x62, 0x2e, 0x53, 0x65, 0x73, 0x73, 0x69, 0x6f, 0x6e, 0x52, 0x65, 0x71, 0x75, 0x65,
	0x73, 0x74, 0x1a, 0x12, 0x2e, 0x63, 0x6c, 0x69, 0x65, 0x6e, 0x74, 0x70, 0x62, 0x2e, 0x53, 0x65,
	0x73, 0x73, 0x69, 0x6f, 0x6e, 0x73, 0x12, 0x39, 0x0a, 0x0a, 0x47, 0x65, 0x74, 0x53, 0x65, 0x73,
	0x73, 0x69, 0x6f, 0x6e, 0x12, 0x18, 0x2e, 0x63, 0x6c, 0x69, 0x65, 0x6e, 0x74, 0x70, 0x62, 0x2e,
	0x53, 0x65, 0x73, 0x73, 0x69, 0x6f, 0x6e, 0x52, 0x65, 0x71, 0x75, 0x65, 0x73, 0x74, 0x1a, 0x11,
	0x2e, 0x63, 0x6c, 0x69, 0x65, 0x6e, 0x74, 0x70, 0x62, 0x2e, 0x53, 0x65, 0x73, 0x73, 0x69, 0x6f,
	0x6e, 0x12, 0x3a, 0x0a, 0x0f, 0x47, 0x65, 0x74, 0x53, 0x65, 0x73, 0x73, 0x69, 0x6f, 0x6e, 0x43,
	0x6f, 0x75, 0x6e, 0x74, 0x12, 0x0f, 0x2e, 0x63, 0x6c, 0x69, 0x65, 0x6e, 0x74, 0x70, 0x62, 0x2e,
	0x45, 0x6d, 0x70, 0x74, 0x79, 0x1a, 0x16, 0x2e, 0x63, 0x6c, 0x69, 0x65, 0x6e, 0x74, 0x70, 0x62,
	0x2e, 0x53, 0x65, 0x73, 0x73, 0x69, 0x6f, 0x6e, 0x43, 0x6f, 0x75, 0x6e, 0x74, 0x12, 0x3a, 0x0a,
	0x11, 0x47, 0x65, 0x74, 0x53, 0x65, 0x73, 0x73, 0x69, 0x6f, 0x6e, 0x48, 0x69, 0x73, 0x74, 0x6f,
	0x72, 0x79, 0x12, 0x0d, 0x2e, 0x63, 0x6c, 0x69, 0x65, 0x6e, 0x74, 0x70, 0x62, 0x2e, 0x49, 0x6e,
	0x74, 0x1a, 0x16, 0x2e, 0x63, 0x6c, 0x69, 0x65, 0x6e, 0x74, 0x70, 0x62, 0x2e, 0x54, 0x61, 0x73,
	0x6b, 0x73, 0x43, 0x6f, 0x6e, 0x74, 0x65, 0x78, 0x74, 0x12, 0x3e, 0x0a, 0x0d, 0x53, 0x65, 0x73,
	0x73, 0x69, 0x6f, 0x6e, 0x4d, 0x61, 0x6e, 0x61, 0x67, 0x65, 0x12, 0x1c, 0x2e, 0x63, 0x6c, 0x69,
	0x65, 0x6e, 0x74, 0x70, 0x62, 0x2e, 0x42, 0x61, 0x73, 0x69, 0x63, 0x55, 0x70, 0x64, 0x61, 0x74,
	0x65, 0x53, 0x65, 0x73, 0x73, 0x69, 0x6f, 0x6e, 0x1a, 0x0f, 0x2e, 0x63, 0x6c, 0x69, 0x65, 0x6e,
	0x74, 0x70, 0x62, 0x2e, 0x45, 0x6d, 0x70, 0x74, 0x79, 0x12, 0x34, 0x0a, 0x0c, 0x47, 0x65, 0x74,
	0x4c, 0x69, 0x73, 0x74, 0x65, 0x6e, 0x65, 0x72, 0x73, 0x12, 0x0f, 0x2e, 0x63, 0x6c, 0x69, 0x65,
	0x6e, 0x74, 0x70, 0x62, 0x2e, 0x45, 0x6d, 0x70, 0x74, 0x79, 0x1a, 0x13, 0x2e, 0x63, 0x6c, 0x69,
	0x65, 0x6e, 0x74, 0x70, 0x62, 0x2e, 0x4c, 0x69, 0x73, 0x74, 0x65, 0x6e, 0x65, 0x72, 0x73, 0x12,
	0x5b, 0x0a, 0x16, 0x43, 0x6f, 0x6e, 0x6e, 0x65, 0x63, 0x74, 0x46, 0x6f, 0x72, 0x77, 0x61, 0x72,
	0x64, 0x4c, 0x69, 0x73, 0x74, 0x65, 0x6e, 0x65, 0x72, 0x12, 0x20, 0x2e, 0x63, 0x6c, 0x69, 0x65,
	0x6e, 0x74, 0x70, 0x62, 0x2e, 0x46, 0x6f, 0x72, 0x77, 0x61, 0x72, 0x64, 0x4c, 0x69, 0x73, 0x74,
	0x65, 0x6e, 0x65, 0x72, 0x43, 0x6f, 0x6e, 0x6e, 0x65, 0x63, 0x74, 0x1a, 0x1f, 0x2e, 0x63, 0x6c,
	0x69, 0x65, 0x6e, 0x74, 0x70, 0x62, 0x2e, 0x46, 0x6f, 0x72, 0x77, 0x61, 0x72, 0x64, 0x4c, 0x69,
	0x73, 0x74, 0x65, 0x6e, 0x65, 0x72, 0x53, 0x74, 0x61, 0x74, 0x75, 0x73, 0x12, 0x50, 0x0a, 0x19,
	0x44, 0x69, 0x73, 0x63, 0x6f, 0x6e, 0x6e, 0x65, 0x63, 0x74, 0x46, 0x6f, 0x72, 0x77, 0x61, 0x72,
	0x64, 0x4c, 0x69, 0x73, 0x74, 0x65, 0x6e, 0x65, 0x72, 0x12, 0x12, 0x2e, 0x63, 0x6c, 0x69, 0x65,
	0x6e, 0x74, 0x70, 0x62, 0x2e, 0x4c, 0x69, 0x73, 0x74, 0x65, 0x6e, 0x65, 0x72, 0x1a, 0x1f, 0x2e,
	0x63, 0x6c, 0x69, 0x65, 0x6e, 0x74, 0x70, 0x62, 0x2e, 0x46, 0x6f, 0x72, 0x77, 0x61, 0x72, 0x64,
	0x4c, 0x69, 0x73, 0x74, 0x65, 0x6e, 0x65, 0x72, 0x53, 0x74, 0x61, 0x74, 0x75, 0x73, 0x12, 0x4f,
	0x0a, 0x18, 0x47, 0x65, 0x74, 0x46, 0x6f, 0x72, 0x77, 0x61, 0x72, 0x64, 0x4c, 0x69, 0x73, 0x74,
	0x65, 0x6e, 0x65, 0x72, 0x53, 0x74, 0x61, 0x74, 0x75, 0x73, 0x12, 0x12, 0x2e, 0x63, 0x6c, 0x69,
	0x65, 0x6e, 0x74, 0x70, 0x62, 0x2e, 0x4c, 0x69, 0x73, 0x74, 0x65, 0x6e, 0x65, 0x72, 0x1a, 0x1f,
	0x2e, 0x63, 0x6c, 0x69, 0x65, 0x6e, 0x74, 0x70, 0x62, 0x2e, 0x46, 0x6f, 0x72, 0x77, 0x61, 0x72,
	0x64, 0x4c, 0x69, 0x73, 0x74, 0x65, 0x6e, 0x65, 0x72, 0x53, 0x74, 0x61, 0x74, 0x75, 0x73, 0x12,
	0x4a, 0x0a, 0x14, 0x4c, 0x69, 0x73, 0x74, 0x46, 0x6f, 0x72, 0x77, 0x61, 0x72, 0x64, 0x4c, 0x69,
	0x73, 0x74, 0x65, 0x6e, 0x65, 0x72, 0x73, 0x12, 0x0f, 0x2e, 0x63, 0x6c, 0x69, 0x65, 0x6e, 0x74,
	0x70, 0x62, 0x2e, 0x45, 0x6d, 0x70, 0x74, 0x79, 0x1a, 0x21, 0x2e, 0x63, 0x6c, 0x69, 0x65, 0x6e,
	0x74, 0x70, 0x62, 0x2e, 0x46, 0x6f, 0x72, 0x77, 0x61, 0x72, 0x64, 0x4c, 0x69, 0x73, 0x74, 0x65,
	0x6e, 0x65, 0x72, 0x53, 0x74, 0x61, 0x74, 0x75, 0x73, 0x65, 0x73, 0x12, 0x4b, 0x0a, 0x0e, 0x52,
	0x65, 0x74, 0x69, 0x72, 0x65, 0x4c, 0x69, 0x73, 0x74, 0x65, 0x6e, 0x65, 0x72, 0x12, 0x18, 0x2e,
	0x63, 0x6c, 0x69, 0x65, 0x6e, 0x74, 0x70, 0x62, 0x2e, 0x4c, 0x69, 0x73, 0x74, 0x65, 0x6e, 0x65,
	0x72, 0x52, 0x65, 0x74, 0x69, 0x72, 0x65, 0x1a, 0x1f, 0x2e, 0x63, 0x6c, 0x69, 0x65, 0x6e, 0x74,
	0x70, 0x62, 0x2e, 0x46, 0x6f, 0x72, 0x77, 0x61, 0x72, 0x64, 0x4c, 0x69, 0x73, 0x74, 0x65, 0x6e,
	0x65, 0x72, 0x53, 0x74, 0x61, 0x74, 0x75, 0x73, 0x12, 0x2a, 0x0a, 0x07, 0x47, 0x65, 0x74, 0x4a,
	0x6f, 0x62, 0x73, 0x12, 0x0f, 0x2e, 0x63, 0x6c, 0x69, 0x65, 0x6e, 0x74, 0x70, 0x62, 0x2e, 0x45,
	0x6d, 0x70, 0x74, 0x79, 0x1a, 0x0e, 0x2e, 0x63, 0x6c, 0x69, 0x65, 0x6e, 0x74, 0x70, 0x62, 0x2e,
	0x4a, 0x6f, 0x62, 0x73, 0x12, 0x36, 0x0a, 0x08, 0x47, 0x65, 0x74, 0x41, 0x75, 0x64, 0x69, 0x74,
	0x12, 0x18, 0x2e, 0x63, 0x6c, 0x69, 0x65, 0x6e, 0x74, 0x70, 0x62, 0x2e, 0x53, 0x65, 0x73, 0x73,
	0x69, 0x6f, 0x6e, 0x52, 0x65, 0x71, 0x75, 0x65, 0x73, 0x74, 0x1a, 0x10, 0x2e, 0x63, 0x6c, 0x69,
	0x65, 0x6e, 0x74, 0x70, 0x62, 0x2e, 0x41, 0x75, 0x64, 0x69, 0x74, 0x73, 0x12, 0x32, 0x0a, 0x08,
	0x47, 0x65, 0x74, 0x54, 0x61, 0x73, 0x6b, 0x73, 0x12, 0x15, 0x2e, 0x63, 0x6c, 0x69, 0x65, 0x6e,
	0x74, 0x70, 0x62, 0x2e, 0x54, 0x61, 0x73, 0x6b, 0x52, 0x65, 0x71, 0x75, 0x65, 0x73, 0x74, 0x1a,
	0x0f, 0x2e, 0x63, 0x6c, 0x69, 0x65, 0x6e, 0x74, 0x70, 0x62, 0x2e, 0x54, 0x61, 0x73, 0x6b, 0x73,
	0x12, 0x38, 0x0a, 0x0a, 0x51, 0x75, 0x65, 0x72, 0x79, 0x54, 0x61, 0x73, 0x6b, 0x73, 0x12, 0x13,
	0x2e, 0x63, 0x6c, 0x69, 0x65, 0x6e, 0x74, 0x70, 0x62, 0x2e, 0x54, 0x61, 0x73, 0x6b, 0x51, 0x75,
	0x65, 0x72, 0x79, 0x1a, 0x15, 0x2e, 0x63, 0x6c, 0x69, 0x65, 0x6e, 0x74, 0x70, 0x62, 0x2e, 0x54,
	0x61, 0x73, 0x6b, 0x44, 0x65, 0x74, 0x61, 0x69, 0x6c, 0x73, 0x12, 0x37, 0x0a, 0x0e, 0x47, 0x65,
	0x74, 0x54, 0x61, 0x73, 0x6b, 0x43, 0x6f, 0x6e, 0x74, 0x65, 0x6e, 0x74, 0x12, 0x0e, 0x2e, 0x63,
	0x6c, 0x69, 0x65, 0x6e, 0x74, 0x70, 0x62, 0x2e, 0x54, 0x61, 0x73, 0x6b, 0x1a, 0x15, 0x2e, 0x63,
	0x6c, 0x69, 0x65, 0x6e, 0x74, 0x70, 0x62, 0x2e, 0x54, 0x61, 0x73, 0x6b, 0x43, 0x6f, 0x6e, 0x74,
	0x65, 0x78, 0x74, 0x12, 0x35, 0x0a, 0x0f, 0x47, 0x65, 0x74, 0x43, 0x6f, 0x6e, 0x74, 0x65, 0x78,
	0x74, 0x46, 0x69, 0x6c, 0x65, 0x73, 0x12, 0x11, 0x2e, 0x63, 0x6c, 0x69, 0x65, 0x6e, 0x74, 0x70,
	0x62, 0x2e, 0x53, 0x65, 0x73, 0x73, 0x69, 0x6f, 0x6e, 0x1a, 0x0f, 0x2e, 0x63, 0x6c, 0x69, 0x65,
	0x6e, 0x74, 0x70, 0x62, 0x2e, 0x46, 0x69, 0x6c, 0x65, 0x73, 0x12, 0x38, 0x0a, 0x0f, 0x57, 0x61,
	0x69, 0x74, 0x54, 0x61, 0x73, 0x6b, 0x43, 0x6f, 0x6e, 0x74, 0x65, 0x6e, 0x74, 0x12, 0x0e, 0x2e,
	0x63, 0x6c, 0x69, 0x65, 0x6e, 0x74, 0x70, 0x62, 0x2e, 0x54, 0x61, 0x73, 0x6b, 0x1a, 0x15, 0x2e,
	0x63, 0x6c, 0x69, 0x65, 0x6e, 0x74, 0x70, 0x62, 0x2e, 0x54, 0x61, 0x73, 0x6b, 0x43, 0x6f, 0x6e,
	0x74, 0x65, 0x78, 0x74, 0x12, 0x37, 0x0a, 0x0e, 0x57, 0x61, 0x69, 0x74, 0x54, 0x61, 0x73, 0x6b,
	0x46, 0x69, 0x6e, 0x69, 0x73, 0x68, 0x12, 0x0e, 0x2e, 0x63, 0x6c, 0x69, 0x65, 0x6e, 0x74, 0x70,
	0x62, 0x2e, 0x54, 0x61, 0x73, 0x6b, 0x1a, 0x15, 0x2e, 0x63, 0x6c, 0x69, 0x65, 0x6e, 0x74, 0x70,
	0x62, 0x2e, 0x54, 0x61, 0x73, 0x6b, 0x43, 0x6f, 0x6e, 0x74, 0x65, 0x78, 0x74, 0x12, 0x3b, 0x0a,
	0x11, 0x47, 0x65, 0x74, 0x41, 0x6c, 0x6c, 0x54, 0x61, 0x73, 0x6b, 0x43, 0x6f, 0x6e, 0x74, 0x65,
	0x6e, 0x74, 0x12, 0x0e, 0x2e, 0x63, 0x6c, 0x69, 0x65, 0x6e, 0x74, 0x70, 0x62, 0x2e, 0x54, 0x61,
	0x73, 0x6b, 0x1a, 0x16, 0x2e, 0x63, 0x6c, 0x69, 0x65, 0x6e, 0x74, 0x70, 0x62, 0x2e, 0x54, 0x61,
	0x73, 0x6b, 0x43, 0x6f, 0x6e, 0x74, 0x65, 0x78, 0x74, 0x73, 0x12, 0x2e, 0x0a, 0x08, 0x47, 0x65,
	0x74, 0x46, 0x69, 0x6c, 0x65, 0x73, 0x12, 0x11, 0x2e, 0x63, 0x6c, 0x69, 0x65, 0x6e, 0x74, 0x70,
	0x62, 0x2e, 0x53, 0x65, 0x73, 0x73, 0x69, 0x6f, 0x6e, 0x1a, 0x0f, 0x2e, 0x63, 0x6c, 0x69, 0x65,
	0x6e, 0x74, 0x70, 0x62, 0x2e, 0x46, 0x69, 0x6c, 0x65, 0x73, 0x12, 0x2c, 0x0a, 0x06, 0x45, 0x76,
	0x65, 0x6e, 0x74, 0x73, 0x12, 0x0f, 0x2e, 0x63, 0x6c, 0x69, 0x65, 0x6e, 0x74, 0x70, 0x62, 0x2e,
	0x45, 0x6d, 0x70, 0x74, 0x79, 0x1a, 0x0f, 0x2e, 0x63, 0x6c, 0x69, 0x65, 0x6e, 0x74, 0x70, 0x62,
	0x2e, 0x45, 0x76, 0x65, 0x6e, 0x74, 0x30, 0x01, 0x12, 0x2d, 0x0a, 0x09, 0x42, 0x72, 0x6f, 0x61,
	0x64, 0x63, 0x61, 0x73, 0x74, 0x12, 0x0f, 0x2e, 0x63, 0x6c, 0x69, 0x65, 0x6e, 0x74, 0x70, 0x62,
	0x2e, 0x45, 0x76, 0x65, 0x6e, 0x74, 0x1a, 0x0f, 0x2e, 0x63, 0x6c, 0x69, 0x65, 0x6e, 0x74, 0x70,
	0x62, 0x2e, 0x45, 0x6d, 0x70, 0x74, 0x79, 0x12, 0x2a, 0x0a, 0x06, 0x4e, 0x6f, 0x74, 0x69, 0x66,
	0x79, 0x12, 0x0f, 0x2e, 0x63, 0x6c, 0x69, 0x65, 0x6e, 0x74, 0x70, 0x62, 0x2e, 0x45, 0x76, 0x65,
	0x6e, 0x74, 0x1a, 0x0f, 0x2e, 0x63, 0x6c, 0x69, 0x65, 0x6e, 0x74, 0x70, 0x62, 0x2e, 0x45, 0x6d,
	0x70, 0x74, 0x79, 0x12, 0x2b, 0x0a, 0x08, 0x47, 0x65, 0x74, 0x45, 0x76, 0x65, 0x6e, 0x74, 0x12,
	0x0d, 0x2e, 0x63, 0x6c, 0x69, 0x65, 0x6e, 0x74, 0x70, 0x62, 0x2e, 0x49, 0x6e, 0x74, 0x1a, 0x10,
	0x2e, 0x63, 0x6c, 0x69, 0x65, 0x6e, 0x74, 0x70, 0x62, 0x2e, 0x45, 0x76, 0x65, 0x6e, 0x74, 0x73,
	0x12, 0x30, 0x0a, 0x0c, 0x53, 0x65, 0x73, 0x73, 0x69, 0x6f, 0x6e, 0x45, 0x76, 0x65, 0x6e, 0x74,
	0x12, 0x0f, 0x2e, 0x63, 0x6c, 0x69, 0x65, 0x6e, 0x74, 0x70, 0x62, 0x2e, 0x45, 0x76, 0x65, 0x6e,
	0x74, 0x1a, 0x0f, 0x2e, 0x63, 0x6c, 0x69, 0x65, 0x6e, 0x74, 0x70, 0x62, 0x2e, 0x45, 0x6d, 0x70,
	0x74, 0x79, 0x12, 0x27, 0x0a, 0x06, 0x4f, 0x6e, 0x48, 0x6f, 0x6f, 0x6b, 0x12, 0x0c, 0x2e, 0x63,
	0x6c, 0x69, 0x65, 0x6e, 0x74, 0x70, 0x62, 0x2e, 0x4f, 0x6e, 0x1a, 0x0f, 0x2e, 0x63, 0x6c, 0x69,
	0x65, 0x6e, 0x74, 0x70, 0x62, 0x2e, 0x45, 0x6d, 0x70, 0x74, 0x79, 0x12, 0x26, 0x0a, 0x04, 0x50,
	0x69, 0x6e, 0x67, 0x12, 0x0e, 0x2e, 0x6d, 0x6f, 0x64, 0x75, 0x6c, 0x65, 0x70, 0x62, 0x2e, 0x50,
	0x69, 0x6e, 0x67, 0x1a, 0x0e, 0x2e, 0x63, 0x6c, 0x69, 0x65, 0x6e, 0x74, 0x70, 0x62, 0x2e, 0x54,
	0x61, 0x73, 0x6b, 0x12, 0x28, 0x0a, 0x05, 0x53, 0x6c, 0x65, 0x65, 0x70, 0x12, 0x0f, 0x2e, 0x6d,
	0x6f, 0x64, 0x75, 0x6c, 0x65, 0x70, 0x62, 0x2e, 0x54, 0x69, 0x6d, 0x65, 0x72, 0x1a, 0x0e, 0x2e,
	0x63, 0x6c, 0x69, 0x65, 0x6e, 0x74, 0x70, 0x62, 0x2e, 0x54, 0x61, 0x73, 0x6b, 0x12, 0x31, 0x0a,
	0x09, 0x4b, 0x65, 0x65, 0x70, 0x61, 0x6c, 0x69, 0x76, 0x65, 0x12, 0x14, 0x2e, 0x6d, 0x6f, 0x64,
	0x75, 0x6c, 0x65, 0x70, 0x62, 0x2e, 0x43, 0x6f, 0x6d, 0x6d, 0x6f, 0x6e, 0x42, 0x6f, 0x64, 0x79,
	0x1a, 0x0e, 0x2e, 0x63, 0x6c, 0x69, 0x65, 0x6e, 0x74, 0x70, 0x62, 0x2e, 0x54, 0x61, 0x73, 0x6b,
	0x12, 0x2c, 0x0a, 0x07, 0x53, 0x75, 0x69, 0x63, 0x69, 0x64, 0x65, 0x12, 0x11, 0x2e, 0x6d, 0x6f,
	0x64, 0x75, 0x6c, 0x65, 0x70, 0x62, 0x2e, 0x52, 0x65, 0x71, 0x75, 0x65, 0x73, 0x74, 0x1a, 0x0e,
	0x2e, 0x63, 0x6c, 0x69, 0x65, 0x6e, 0x74, 0x70, 0x62, 0x2e, 0x54, 0x61, 0x73, 0x6b, 0x12, 0x2f,
	0x0a, 0x0a, 0x4c, 0x69, 0x73, 0x74, 0x4d, 0x6f, 0x64, 0x75, 0x6c, 0x65, 0x12, 0x11, 0x2e, 0x6d,
	0x6f, 0x64, 0x75, 0x6c, 0x65, 0x70, 0x62, 0x2e, 0x52, 0x65, 0x71, 0x75, 0x65, 0x73, 0x74, 0x1a,
	0x0e, 0x2e, 0x63, 0x6c, 0x69, 0x65, 0x6e, 0x74, 0x70, 0x62, 0x2e, 0x54, 0x61, 0x73, 0x6b, 0x12,
	0x32, 0x0a, 0x0a, 0x4c, 0x6f, 0x61, 0x64, 0x4d, 0x6f, 0x64, 0x75, 0x6c, 0x65, 0x12, 0x14, 0x2e,
	0x6d, 0x6f, 0x64, 0x75, 0x6c, 0x65, 0x70, 0x62, 0x2e, 0x4c, 0x6f, 0x61, 0x64, 0x4d, 0x6f, 0x64,
	0x75, 0x6c, 0x65, 0x1a, 0x0e, 0x2e, 0x63, 0x6c, 0x69, 0x65, 0x6e, 0x74, 0x70, 0x62, 0x2e, 0x54,
	0x61, 0x73, 0x6b, 0x12, 0x31, 0x0a, 0x0c, 0x55, 0x6e, 0x6c, 0x6f, 0x61, 0x64, 0x4d, 0x6f, 0x64,
	0x75, 0x6c, 0x65, 0x12, 0x11, 0x2e, 0x6d, 0x6f, 0x64, 0x75, 0x6c, 0x65, 0x70, 0x62, 0x2e, 0x52,
	0x65, 0x71, 0x75, 0x65, 0x73, 0x74, 0x1a, 0x0e, 0x2e, 0x63, 0x6c, 0x69, 0x65, 0x6e, 0x74, 0x70,
	0x62, 0x2e, 0x54, 0x61, 0x73, 0x6b, 0x12, 0x32, 0x0a, 0x0d, 0x52, 0x65, 0x66, 0x72, 0x65, 0x73,
	0x68, 0x4d, 0x6f, 0x64, 0x75, 0x6c, 0x65, 0x12, 0x11, 0x2e, 0x6d, 0x6f, 0x64, 0x75, 0x6c, 0x65,
	0x70, 0x62, 0x2e, 0x52, 0x65, 0x71, 0x75, 0x65, 0x73, 0x74, 0x1a, 0x0e, 0x2e, 0x63, 0x6c, 0x69,
	0x65, 0x6e, 0x74, 0x70, 0x62, 0x2e, 0x54, 0x61, 0x73, 0x6b, 0x12, 0x40, 0x0a, 0x0d, 0x45, 0x78,
	0x65, 0x63, 0x75, 0x74, 0x65, 0x4d, 0x6f, 0x64, 0x75, 0x6c, 0x65, 0x12, 0x1f, 0x2e, 0x69, 0x6d,
	0x70, 0x6c, 0x61, 0x6e, 0x74, 0x70, 0x62, 0x2e, 0x45, 0x78, 0x65, 0x63, 0x75, 0x74, 0x65, 0x4d,
	0x6f, 0x64, 0x75, 0x6c, 0x65, 0x52, 0x65, 0x71, 0x75, 0x65, 0x73, 0x74, 0x1a, 0x0e, 0x2e, 0x63,
	0x6c, 0x69, 0x65, 0x6e, 0x74, 0x70, 0x62, 0x2e, 0x54, 0x61, 0x73, 0x6b, 0x12, 0x3f, 0x0a, 0x0f,
	0x42, 0x72, 0x69, 0x64, 0x67, 0x65, 0x41, 0x67, 0x65, 0x6e, 0x74, 0x43, 0x68, 0x61, 0x74, 0x12,
	0x1c, 0x2e, 0x6d, 0x6f, 0x64, 0x75, 0x6c, 0x65, 0x70, 0x62, 0x2e, 0x42, 0x72, 0x69, 0x64, 0x67,
	0x65, 0x41, 0x67, 0x65, 0x6e, 0x74, 0x52, 0x65, 0x71, 0x75, 0x65, 0x73, 0x74, 0x1a, 0x0e, 0x2e,
	0x63, 0x6c, 0x69, 0x65, 0x6e, 0x74, 0x70, 0x62, 0x2e, 0x54, 0x61, 0x73, 0x6b, 0x12, 0x2e, 0x0a,
	0x09, 0x4c, 0x69, 0x73, 0x74, 0x41, 0x64, 0x64, 0x6f, 0x6e, 0x12, 0x11, 0x2e, 0x6d, 0x6f, 0x64,
	0x75, 0x6c, 0x65, 0x70, 0x62, 0x2e, 0x52, 0x65, 0x71, 0x75, 0x65, 0x73, 0x74, 0x1a, 0x0e, 0x2e,
	0x63, 0x6c, 0x69, 0x65, 0x6e, 0x74, 0x70, 0x62, 0x2e, 0x54, 0x61, 0x73, 0x6b, 0x12, 0x30, 0x0a,
	0x09, 0x4c, 0x6f, 0x61, 0x64, 0x41, 0x64, 0x64, 0x6f, 0x6e, 0x12, 0x13, 0x2e, 0x6d, 0x6f, 0x64,
	0x75, 0x6c, 0x65, 0x70, 0x62, 0x2e, 0x4c, 0x6f, 0x61, 0x64, 0x41, 0x64, 0x64, 0x6f, 0x6e, 0x1a,
	0x0e, 0x2e, 0x63, 0x6c, 0x69, 0x65, 0x6e, 0x74, 0x70, 0x62, 0x2e, 0x54, 0x61, 0x73, 0x6b, 0x12,
	0x36, 0x0a, 0x0c, 0x45, 0x78, 0x65, 0x63, 0x75, 0x74, 0x65, 0x41, 0x64, 0x64, 0x6f, 0x6e, 0x12,
	0x16, 0x2e, 0x6d, 0x6f, 0x64, 0x75, 0x6c, 0x65, 0x70, 0x62, 0x2e, 0x45, 0x78, 0x65, 0x63, 0x75,
	0x74, 0x65, 0x41, 0x64, 0x64, 0x6f, 0x6e, 0x1a, 0x0e, 0x2e, 0x63, 0x6c, 0x69, 0x65, 0x6e, 0x74,
	0x70, 0x62, 0x2e, 0x54, 0x61, 0x73, 0x6b, 0x12, 0x2a, 0x0a, 0x05, 0x43, 0x6c, 0x65, 0x61, 0x72,
	0x12, 0x11, 0x2e, 0x6d, 0x6f, 0x64, 0x75, 0x6c, 0x65, 0x70, 0x62, 0x2e, 0x52, 0x65, 0x71, 0x75,
	0x65, 0x73, 0x74, 0x1a, 0x0e, 0x2e, 0x63, 0x6c, 0x69, 0x65, 0x6e, 0x74, 0x70, 0x62, 0x2e, 0x54,
	0x61, 0x73, 0x6b, 0x12, 0x2e, 0x0a, 0x09, 0x4c, 0x69, 0x73, 0x74, 0x54, 0x61, 0x73, 0x6b, 0x73,
	0x12, 0x11, 0x2e, 0x6d, 0x6f, 0x64, 0x75, 0x6c, 0x65, 0x70, 0x62, 0x2e, 0x52, 0x65, 0x71, 0x75,
	0x65, 0x73, 0x74, 0x1a, 0x0e, 0x2e, 0x63, 0x6c, 0x69, 0x65, 0x6e, 0x74, 0x70, 0x62, 0x2e, 0x54,
	0x61, 0x73, 0x6b, 0x12, 0x2f, 0x0a, 0x09, 0x51, 0x75, 0x65, 0x72, 0x79, 0x54, 0x61, 0x73, 0x6b,
	0x12, 0x12, 0x2e, 0x6d, 0x6f, 0x64, 0x75, 0x6c, 0x65, 0x70, 0x62, 0x2e, 0x54, 0x61, 0x73, 0x6b,
	0x43, 0x74, 0x72, 0x6c, 0x1a, 0x0e, 0x2e, 0x63, 0x6c, 0x69, 0x65, 0x6e, 0x74, 0x70, 0x62, 0x2e,
	0x54, 0x61, 0x73, 0x6b, 0x12, 0x30, 0x0a, 0x0a, 0x43, 0x61, 0x6e, 0x63, 0x65, 0x6c, 0x54, 0x61,
	0x73, 0x6b, 0x12, 0x12, 0x2e, 0x6d, 0x6f, 0x64, 0x75, 0x6c, 0x65, 0x70, 0x62, 0x2e, 0x54, 0x61,
	0x73, 0x6b, 0x43, 0x74, 0x72, 0x6c, 0x1a, 0x0e, 0x2e, 0x63, 0x6c, 0x69, 0x65, 0x6e, 0x74, 0x70,
	0x62, 0x2e, 0x54, 0x61, 0x73, 0x6b, 0x12, 0x2a, 0x0a, 0x06, 0x53, 0x77, 0x69, 0x74, 0x63, 0x68,
	0x12, 0x10, 0x2e, 0x6d, 0x6f, 0x64, 0x75, 0x6c, 0x65, 0x70, 0x62, 0x2e, 0x53, 0x77, 0x69, 0x74,
	0x63, 0x68, 0x1a, 0x0e, 0x2e, 0x63, 0x6c, 0x69, 0x65, 0x6e, 0x74, 0x70, 0x62, 0x2e, 0x54, 0x61,
	0x73, 0x6b, 0x12, 0x2d, 0x0a, 0x07, 0x50, 0x6f, 0x6c, 0x6c, 0x69, 0x6e, 0x67, 0x12, 0x11, 0x2e,
	0x63, 0x6c, 0x69, 0x65, 0x6e, 0x74, 0x70, 0x62, 0x2e, 0x50, 0x6f, 0x6c, 0x6c, 0x69, 0x6e, 0x67,
	0x1a, 0x0f, 0x2e, 0x63, 0x6c, 0x69, 0x65, 0x6e, 0x74, 0x70, 0x62, 0x2e, 0x45, 0x6d, 0x70, 0x74,
	0x79, 0x12, 0x31, 0x0a, 0x0b, 0x53, 0x74, 0x6f, 0x70, 0x50, 0x6f, 0x6c, 0x6c, 0x69, 0x6e, 0x67,
	0x12, 0x11, 0x2e, 0x63, 0x6c, 0x69, 0x65, 0x6e, 0x74, 0x70, 0x62, 0x2e, 0x50, 0x6f, 0x6c, 0x6c,
	0x69, 0x6e, 0x67, 0x1a, 0x0f, 0x2e, 0x63, 0x6c, 0x69, 0x65, 0x6e, 0x74, 0x70, 0x62, 0x2e, 0x45,
	0x6d, 0x70, 0x74, 0x79, 0x12, 0x3a, 0x0a, 0x0d, 0x50, 0x6f, 0x6c, 0x6c, 0x69, 0x6e, 0x67, 0x53,
	0x74, 0x61, 0x74, 0x75, 0x73, 0x12, 0x11, 0x2e, 0x63, 0x6c, 0x69, 0x65, 0x6e, 0x74, 0x70, 0x62,
	0x2e, 0x50, 0x6f, 0x6c, 0x6c, 0x69, 0x6e, 0x67, 0x1a, 0x16, 0x2e, 0x63, 0x6c, 0x69, 0x65, 0x6e,
	0x74, 0x70, 0x62, 0x2e, 0x50, 0x6f, 0x6c, 0x6c, 0x69, 0x6e, 0x67, 0x53, 0x74, 0x61, 0x74, 0x65,
	0x12, 0x31, 0x0a, 0x06, 0x55, 0x70, 0x6c, 0x6f, 0x61, 0x64, 0x12, 0x17, 0x2e, 0x6d, 0x6f, 0x64,
	0x75, 0x6c, 0x65, 0x70, 0x62, 0x2e, 0x55, 0x70, 0x6c, 0x6f, 0x61, 0x64, 0x52, 0x65, 0x71, 0x75,
	0x65, 0x73, 0x74, 0x1a, 0x0e, 0x2e, 0x63, 0x6c, 0x69, 0x65, 0x6e, 0x74, 0x70, 0x62, 0x2e, 0x54,
	0x61, 0x73, 0x6b, 0x12, 0x4a, 0x0a, 0x0b, 0x55, 0x70, 0x6c, 0x6f, 0x61, 0x64, 0x43, 0x68, 0x75,
	0x6e, 0x6b, 0x12, 0x1c, 0x2e, 0x63, 0x6c, 0x69, 0x65, 0x6e, 0x74, 0x70, 0x62, 0x2e, 0x55, 0x70,
	0x6c, 0x6f, 0x61, 0x64, 0x43, 0x68, 0x75, 0x6e, 0x6b, 0x52, 0x65, 0x71, 0x75, 0x65, 0x73, 0x74,
	0x1a, 0x1d, 0x2e, 0x63, 0x6c, 0x69, 0x65, 0x6e, 0x74, 0x70, 0x62, 0x2e, 0x55, 0x70, 0x6c, 0x6f,
	0x61, 0x64, 0x43, 0x68, 0x75, 0x6e, 0x6b, 0x52, 0x65, 0x73, 0x70, 0x6f, 0x6e, 0x73, 0x65, 0x12,
	0x35, 0x0a, 0x08, 0x44, 0x6f, 0x77, 0x6e, 0x6c, 0x6f, 0x61, 0x64, 0x12, 0x19, 0x2e, 0x6d, 0x6f,
	0x64, 0x75, 0x6c, 0x65, 0x70, 0x62, 0x2e, 0x44, 0x6f, 0x77, 0x6e, 0x6c, 0x6f, 0x61, 0x64, 0x52,
	0x65, 0x71, 0x75, 0x65, 0x73, 0x74, 0x1a, 0x0e, 0x2e, 0x63, 0x6c, 0x69, 0x65, 0x6e, 0x74, 0x70,
	0x62, 0x2e, 0x54, 0x61, 0x73, 0x6b, 0x12, 0x38, 0x0a, 0x0b, 0x44, 0x6f, 0x77, 0x6e, 0x6c, 0x6f,
	0x61, 0x64, 0x44, 0x69, 0x72, 0x12, 0x19, 0x2e, 0x6d, 0x6f, 0x64, 0x75, 0x6c, 0x65, 0x70, 0x62,
	0x2e, 0x44, 0x6f, 0x77, 0x6e, 0x6c, 0x6f, 0x61, 0x64, 0x52, 0x65, 0x71, 0x75, 0x65, 0x73, 0x74,
	0x1a, 0x0e, 0x2e, 0x63, 0x6c, 0x69, 0x65, 0x6e, 0x74, 0x70, 0x62, 0x2e, 0x54, 0x61, 0x73, 0x6b,
	0x12, 0x29, 0x0a, 0x04, 0x53, 0x79, 0x6e, 0x63, 0x12, 0x0e, 0x2e, 0x63, 0x6c, 0x69, 0x65, 0x6e,
	0x74, 0x70, 0x62, 0x2e, 0x53, 0x79, 0x6e, 0x63, 0x1a, 0x11, 0x2e, 0x63, 0x6c, 0x69, 0x65, 0x6e,
	0x74, 0x70, 0x62, 0x2e, 0x43, 0x6f, 0x6e, 0x74, 0x65, 0x78, 0x74, 0x12, 0x36, 0x0a, 0x0a, 0x53,
	0x79, 0x6e, 0x63, 0x53, 0x74, 0x72, 0x65, 0x61, 0x6d, 0x12, 0x0e, 0x2e, 0x63, 0x6c, 0x69, 0x65,
	0x6e, 0x74, 0x70, 0x62, 0x2e, 0x53, 0x79, 0x6e, 0x63, 0x1a, 0x16, 0x2e, 0x63, 0x6c, 0x69, 0x65,
	0x6e, 0x74, 0x70, 0x62, 0x2e, 0x43, 0x6f, 0x6e, 0x74, 0x65, 0x78, 0x74, 0x43, 0x68, 0x75, 0x6e,
	0x6b, 0x30, 0x01, 0x12, 0x28, 0x0a, 0x03, 0x50, 0x77, 0x64, 0x12, 0x11, 0x2e, 0x6d, 0x6f, 0x64,
	0x75, 0x6c, 0x65, 0x70, 0x62, 0x2e, 0x52, 0x65, 0x71, 0x75, 0x65, 0x73, 0x74, 0x1a, 0x0e, 0x2e,
	0x63, 0x6c, 0x69, 0x65, 0x6e, 0x74, 0x70, 0x62, 0x2e, 0x54, 0x61, 0x73, 0x6b, 0x12, 0x27, 0x0a,
	0x02, 0x4c, 0x73, 0x12, 0x11, 0x2e, 0x6d, 0x6f, 0x64, 0x75, 0x6c, 0x65, 0x70, 0x62, 0x2e, 0x52,
	0x65, 0x71, 0x75, 0x65, 0x73, 0x74, 0x1a, 0x0e, 0x2e, 0x63, 0x6c, 0x69, 0x65, 0x6e, 0x74, 0x70,
	0x62, 0x2e, 0x54, 0x61, 0x73, 0x6b, 0x12, 0x27, 0x0a, 0x02, 0x43, 0x64, 0x12, 0x11, 0x2e, 0x6d,
	0x6f, 0x64, 0x75, 0x6c, 0x65, 0x70, 0x62, 0x2e, 0x52, 0x65, 0x71, 0x75, 0x65, 0x73, 0x74, 0x1a,
	0x0e, 0x2e, 0x63, 0x6c, 0x69, 0x65, 0x6e, 0x74, 0x70, 0x62, 0x2e, 0x54, 0x61, 0x73, 0x6b, 0x12,
	0x27, 0x0a, 0x02, 0x52, 0x6d, 0x12, 0x11, 0x2e, 0x6d, 0x6f, 0x64, 0x75, 0x6c, 0x65, 0x70, 0x62,
	0x2e, 0x52, 0x65, 0x71, 0x75, 0x65, 0x73, 0x74, 0x1a, 0x0e, 0x2e, 0x63, 0x6c, 0x69, 0x65, 0x6e,
	0x74, 0x70, 0x62, 0x2e, 0x54, 0x61, 0x73, 0x6b, 0x12, 0x27, 0x0a, 0x02, 0x4d, 0x76, 0x12, 0x11,
	0x2e, 0x6d, 0x6f, 0x64, 0x75, 0x6c, 0x65, 0x70, 0x62, 0x2e, 0x52, 0x65, 0x71, 0x75, 0x65, 0x73,
	0x74, 0x1a, 0x0e, 0x2e, 0x63, 0x6c, 0x69, 0x65, 0x6e, 0x74, 0x70, 0x62, 0x2e, 0x54, 0x61, 0x73,
	0x6b, 0x12, 0x27, 0x0a, 0x02, 0x43, 0x70, 0x12, 0x11, 0x2e, 0x6d, 0x6f, 0x64, 0x75, 0x6c, 0x65,
	0x70, 0x62, 0x2e, 0x52, 0x65, 0x71, 0x75, 0x65, 0x73, 0x74, 0x1a, 0x0e, 0x2e, 0x63, 0x6c, 0x69,
	0x65, 0x6e, 0x74, 0x70, 0x62, 0x2e, 0x54, 0x61, 0x73, 0x6b, 0x12, 0x28, 0x0a, 0x03, 0x43, 0x61,
	0x74, 0x12, 0x11, 0x2e, 0x6d, 0x6f, 0x64, 0x75, 0x6c, 0x65, 0x70, 0x62, 0x2e, 0x52, 0x65, 0x71,
	0x75, 0x65, 0x73, 0x74, 0x1a, 0x0e, 0x2e, 0x63, 0x6c, 0x69, 0x65, 0x6e, 0x74, 0x70, 0x62, 0x2e,
	0x54, 0x61, 0x73, 0x6b, 0x12, 0x2a, 0x0a, 0x05, 0x4d, 0x6b, 0x64, 0x69, 0x72, 0x12, 0x11, 0x2e,
	0x6d, 0x6f, 0x64, 0x75, 0x6c, 0x65, 0x70, 0x62, 0x2e, 0x52, 0x65, 0x71, 0x75, 0x65, 0x73, 0x74,
	0x1a, 0x0e, 0x2e, 0x63, 0x6c, 0x69, 0x65, 0x6e, 0x74, 0x70, 0x62, 0x2e, 0x54, 0x61, 0x73, 0x6b,
	0x12, 0x2a, 0x0a, 0x05, 0x54, 0x6f, 0x75, 0x63, 0x68, 0x12, 0x11, 0x2e, 0x6d, 0x6f, 0x64, 0x75,
	0x6c, 0x65, 0x70, 0x62, 0x2e, 0x52, 0x65, 0x71, 0x75, 0x65, 0x73, 0x74, 0x1a, 0x0e, 0x2e, 0x63,
	0x6c, 0x69, 0x65, 0x6e, 0x74, 0x70, 0x62, 0x2e, 0x54, 0x61, 0x73, 0x6b, 0x12, 0x2a, 0x0a, 0x05,
	0x43, 0x68, 0x6d, 0x6f, 0x64, 0x12, 0x11, 0x2e, 0x6d, 0x6f, 0x64, 0x75, 0x6c, 0x65, 0x70, 0x62,
	0x2e, 0x52, 0x65, 0x71, 0x75, 0x65, 0x73, 0x74, 0x1a, 0x0e, 0x2e, 0x63, 0x6c, 0x69, 0x65, 0x6e,
	0x74, 0x70, 0x62, 0x2e, 0x54, 0x61, 0x73, 0x6b, 0x12, 0x2f, 0x0a, 0x05, 0x43, 0x68, 0x6f, 0x77,
	0x6e, 0x12, 0x16, 0x2e, 0x6d, 0x6f, 0x64, 0x75, 0x6c, 0x65, 0x70, 0x62, 0x2e, 0x43, 0x68, 0x6f,
	0x77, 0x6e, 0x52, 0x65, 0x71, 0x75, 0x65, 0x73, 0x74, 0x1a, 0x0e, 0x2e, 0x63, 0x6c, 0x69, 0x65,
	0x6e, 0x74, 0x70, 0x62, 0x2e, 0x54, 0x61, 0x73, 0x6b, 0x12, 0x30, 0x0a, 0x0b, 0x45, 0x6e, 0x75,
	0x6d, 0x44, 0x72, 0x69, 0x76, 0x65, 0x72, 0x73, 0x12, 0x11, 0x2e, 0x6d, 0x6f, 0x64, 0x75, 0x6c,
	0x65, 0x70, 0x62, 0x2e, 0x52, 0x65, 0x71, 0x75, 0x65, 0x73, 0x74, 0x1a, 0x0e, 0x2e, 0x63, 0x6c,
	0x69, 0x65, 0x6e, 0x74, 0x70, 0x62, 0x2e, 0x54, 0x61, 0x73, 0x6b, 0x12, 0x29, 0x0a, 0x04, 0x4b,
	0x69, 0x6c, 0x6c, 0x12, 0x11, 0x2e, 0x6d, 0x6f, 0x64, 0x75, 0x6c, 0x65, 0x70, 0x62, 0x2e, 0x52,
	0x65, 0x71, 0x75, 0x65, 0x73, 0x74, 0x1a, 0x0e, 0x2e, 0x63, 0x6c, 0x69, 0x65, 0x6e, 0x74, 0x70,
	0x62, 0x2e, 0x54, 0x61, 0x73, 0x6b, 0x12, 0x27, 0x0a, 0x02, 0x50, 0x73, 0x12, 0x11, 0x2e, 0x6d,
	0x6f, 0x64, 0x75, 0x6c, 0x65, 0x70, 0x62, 0x2e, 0x52, 0x65, 0x71, 0x75, 0x65, 0x73, 0x74, 0x1a,
	0x0e, 0x2e, 0x63, 0x6c, 0x69, 0x65, 0x6e, 0x74, 0x70, 0x62, 0x2e, 0x54, 0x61, 0x73, 0x6b, 0x12,
	0x2c, 0x0a, 0x07, 0x4e, 0x65, 0x74, 0x73, 0x74, 0x61, 0x74, 0x12, 0x11, 0x2e, 0x6d, 0x6f, 0x64,
	0x75, 0x6c, 0x65, 0x70, 0x62, 0x2e, 0x52, 0x65, 0x71, 0x75, 0x65, 0x73, 0x74, 0x1a, 0x0e, 0x2e,
	0x63, 0x6c, 0x69, 0x65, 0x6e, 0x74, 0x70, 0x62, 0x2e, 0x54, 0x61, 0x73, 0x6b, 0x12, 0x2d, 0x0a,
	0x04, 0x43, 0x75, 0x72, 0x6c, 0x12, 0x15, 0x2e, 0x6d, 0x6f, 0x64, 0x75, 0x6c, 0x65, 0x70, 0x62,
	0x2e, 0x43, 0x75, 0x72, 0x6c, 0x52, 0x65, 0x71, 0x75, 0x65, 0x73, 0x74, 0x1a, 0x0e, 0x2e, 0x63,
	0x6c, 0x69, 0x65, 0x6e, 0x74, 0x70, 0x62, 0x2e, 0x54, 0x61, 0x73, 0x6b, 0x12, 0x28, 0x0a, 0x03,
	0x45, 0x6e, 0x76, 0x12, 0x11, 0x2e, 0x6d, 0x6f, 0x64, 0x75, 0x6c, 0x65, 0x70, 0x62, 0x2e, 0x52,
	0x65, 0x71, 0x75, 0x65, 0x73, 0x74, 0x1a, 0x0e, 0x2e, 0x63, 0x6c, 0x69, 0x65, 0x6e, 0x74, 0x70,
	0x62, 0x2e, 0x54, 0x61, 0x73, 0x6b, 0x12, 0x2b, 0x0a, 0x06, 0x53, 0x65, 0x74, 0x45, 0x6e, 0x76,
	0x12, 0x11, 0x2e, 0x6d, 0x6f, 0x64, 0x75, 0x6c, 0x65, 0x70, 0x62, 0x2e, 0x52, 0x65, 0x71, 0x75,
	0x65, 0x73, 0x74, 0x1a, 0x0e, 0x2e, 0x63, 0x6c, 0x69, 0x65, 0x6e, 0x74, 0x70, 0x62, 0x2e, 0x54,
	0x61, 0x73, 0x6b, 0x12, 0x2d, 0x0a, 0x08, 0x55, 0x6e, 0x73, 0x65, 0x74, 0x45, 0x6e, 0x76, 0x12,
	0x11, 0x2e, 0x6d, 0x6f, 0x64, 0x75, 0x6c, 0x65, 0x70, 0x62, 0x2e, 0x52, 0x65, 0x71, 0x75, 0x65,
	0x73, 0x74, 0x1a, 0x0e, 0x2e, 0x63, 0x6c, 0x69, 0x65, 0x6e, 0x74, 0x70, 0x62, 0x2e, 0x54, 0x61,
	0x73, 0x6b, 0x12, 0x2b, 0x0a, 0x06, 0x57, 0x68, 0x6f, 0x61, 0x6d, 0x69, 0x12, 0x11, 0x2e, 0x6d,
	0x6f, 0x64, 0x75, 0x6c, 0x65, 0x70, 0x62, 0x2e, 0x52, 0x65, 0x71, 0x75, 0x65, 0x73, 0x74, 0x1a,
	0x0e, 0x2e, 0x63, 0x6c, 0x69, 0x65, 0x6e, 0x74, 0x70, 0x62, 0x2e, 0x54, 0x61, 0x73, 0x6b, 0x12,
	0x29, 0x0a, 0x04, 0x49, 0x6e, 0x66, 0x6f, 0x12, 0x11, 0x2e, 0x6d, 0x6f, 0x64, 0x75, 0x6c, 0x65,
	0x70, 0x62, 0x2e, 0x52, 0x65, 0x71, 0x75, 0x65, 0x73, 0x74, 0x1a, 0x0e, 0x2e, 0x63, 0x6c, 0x69,
	0x65, 0x6e, 0x74, 0x70, 0x62, 0x2e, 0x54, 0x61, 0x73, 0x6b, 0x12, 0x31, 0x0a, 0x06, 0x42, 0x79,
	0x70, 0x61, 0x73, 0x73, 0x12, 0x17, 0x2e, 0x6d, 0x6f, 0x64, 0x75, 0x6c, 0x65, 0x70, 0x62, 0x2e,
	0x42, 0x79, 0x70, 0x61, 0x73, 0x73, 0x52, 0x65, 0x71, 0x75, 0x65, 0x73, 0x74, 0x1a, 0x0e, 0x2e,
	0x63, 0x6c, 0x69, 0x65, 0x6e, 0x74, 0x70, 0x62, 0x2e, 0x54, 0x61, 0x73, 0x6b, 0x12, 0x35, 0x0a,
	0x08, 0x52, 0x65, 0x67, 0x51, 0x75, 0x65, 0x72, 0x79, 0x12, 0x19, 0x2e, 0x6d, 0x6f, 0x64, 0x75,
	0x6c, 0x65, 0x70, 0x62, 0x2e, 0x52, 0x65, 0x67, 0x69, 0x73, 0x74, 0x72, 0x79, 0x52, 0x65, 0x71,
	0x75, 0x65, 0x73, 0x74, 0x1a, 0x0e, 0x2e, 0x63, 0x6c, 0x69, 0x65, 0x6e, 0x74, 0x70, 0x62, 0x2e,
	0x54, 0x61, 0x73, 0x6b, 0x12, 0x38, 0x0a, 0x06, 0x52, 0x65, 0x67, 0x41, 0x64, 0x64, 0x12, 0x1e,
	0x2e, 0x6d, 0x6f, 0x64, 0x75, 0x6c, 0x65, 0x70, 0x62, 0x2e, 0x52, 0x65, 0x67, 0x69, 0x73, 0x74,
	0x72, 0x79, 0x57, 0x72, 0x69, 0x74, 0x65, 0x52, 0x65, 0x71, 0x75, 0x65, 0x73, 0x74, 0x1a, 0x0e,
	0x2e, 0x63, 0x6c, 0x69, 0x65, 0x6e, 0x74, 0x70, 0x62, 0x2e, 0x54, 0x61, 0x73, 0x6b, 0x12, 0x36,
	0x0a, 0x09, 0x52, 0x65, 0x67, 0x44, 0x65, 0x6c, 0x65, 0x74, 0x65, 0x12, 0x19, 0x2e, 0x6d, 0x6f,
	0x64, 0x75, 0x6c, 0x65, 0x70, 0x62, 0x2e, 0x52, 0x65, 0x67, 0x69, 0x73, 0x74, 0x72, 0x79, 0x52,
	0x65, 0x71, 0x75, 0x65, 0x73, 0x74, 0x1a, 0x0e, 0x2e, 0x63, 0x6c, 0x69, 0x65, 0x6e, 0x74, 0x70,
	0x62, 0x2e, 0x54, 0x61, 0x73, 0x6b, 0x12, 0x37, 0x0a, 0x0a, 0x52, 0x65, 0x67, 0x4c, 0x69, 0x73,
	0x74, 0x4b, 0x65, 0x79, 0x12, 0x19, 0x2e, 0x6d, 0x6f, 0x64, 0x75, 0x6c, 0x65, 0x70, 0x62, 0x2e,
	0x52, 0x65, 0x67, 0x69, 0x73, 0x74, 0x72, 0x79, 0x52, 0x65, 0x71, 0x75, 0x65, 0x73, 0x74, 0x1a,
	0x0e, 0x2e, 0x63, 0x6c, 0x69, 0x65, 0x6e, 0x74, 0x70, 0x62, 0x2e, 0x54, 0x61, 0x73, 0x6b, 0x12,
	0x39, 0x0a, 0x0c, 0x52, 0x65, 0x67, 0x4c, 0x69, 0x73, 0x74, 0x56, 0x61, 0x6c, 0x75, 0x65, 0x12,
	0x19, 0x2e, 0x6d, 0x6f, 0x64, 0x75, 0x6c, 0x65, 0x70, 0x62, 0x2e, 0x52, 0x65, 0x67, 0x69, 0x73,
	0x74, 0x72, 0x79, 0x52, 0x65, 0x71, 0x75, 0x65, 0x73, 0x74, 0x1a, 0x0e, 0x2e, 0x63, 0x6c, 0x69,
	0x65, 0x6e, 0x74, 0x70, 0x62, 0x2e, 0x54, 0x61, 0x73, 0x6b, 0x12, 0x30, 0x0a, 0x0b, 0x53, 0x65,
	0x72, 0x76, 0x69, 0x63, 0x65, 0x4c, 0x69, 0x73, 0x74, 0x12, 0x11, 0x2e, 0x6d, 0x6f, 0x64, 0x75,
	0x6c, 0x65, 0x70, 0x62, 0x2e, 0x52, 0x65, 0x71, 0x75, 0x65, 0x73, 0x74, 0x1a, 0x0e, 0x2e, 0x63,
	0x6c, 0x69, 0x65, 0x6e, 0x74, 0x70, 0x62, 0x2e, 0x54, 0x61, 0x73, 0x6b, 0x12, 0x39, 0x0a, 0x0d,
	0x53, 0x65, 0x72, 0x76, 0x69, 0x63, 0x65, 0x43, 0x72, 0x65, 0x61, 0x74, 0x65, 0x12, 0x18, 0x2e,
	0x6d, 0x6f, 0x64, 0x75, 0x6c, 0x65, 0x70, 0x62, 0x2e, 0x53, 0x65, 0x72, 0x76, 0x69, 0x63, 0x65,
	0x52, 0x65, 0x71, 0x75, 0x65, 0x73, 0x74, 0x1a, 0x0e, 0x2e, 0x63, 0x6c, 0x69, 0x65, 0x6e, 0x74,
	0x70, 0x62, 0x2e, 0x54, 0x61, 0x73, 0x6b, 0x12, 0x38, 0x0a, 0x0c, 0x53, 0x65, 0x72, 0x76, 0x69,
	0x63, 0x65, 0x53, 0x74, 0x61, 0x72, 0x74, 0x12, 0x18, 0x2e, 0x6d, 0x6f, 0x64, 0x75, 0x6c, 0x65,
	0x70, 0x62, 0x2e, 0x53, 0x65, 0x72, 0x76, 0x69, 0x63, 0x65, 0x52, 0x65, 0x71, 0x75, 0x65, 0x73,
	0x74, 0x1a, 0x0e, 0x2e, 0x63, 0x6c, 0x69, 0x65, 0x6e, 0x74, 0x70, 0x62, 0x2e, 0x54, 0x61, 0x73,
	0x6b, 0x12, 0x37, 0x0a, 0x0b, 0x53, 0x65, 0x72, 0x76, 0x69, 0x63, 0x65, 0x53, 0x74, 0x6f, 0x70,
	0x12, 0x18, 0x2e, 0x6d, 0x6f, 0x64, 0x75, 0x6c, 0x65, 0x70, 0x62, 0x2e, 0x53, 0x65, 0x72, 0x76,
	0x69, 0x63, 0x65, 0x52, 0x65, 0x71, 0x75, 0x65, 0x73, 0x74, 0x1a, 0x0e, 0x2e, 0x63, 0x6c, 0x69,
	0x65, 0x6e, 0x74, 0x70, 0x62, 0x2e, 0x54, 0x61, 0x73, 0x6b, 0x12, 0x38, 0x0a, 0x0c, 0x53, 0x65,
	0x72, 0x76, 0x69, 0x63, 0x65, 0x51, 0x75, 0x65, 0x72, 0x79, 0x12, 0x18, 0x2e, 0x6d, 0x6f, 0x64,
	0x75, 0x6c, 0x65, 0x70, 0x62, 0x2e, 0x53, 0x65, 0x72, 0x76, 0x69, 0x63, 0x65, 0x52, 0x65, 0x71,
	0x75, 0x65, 0x73, 0x74, 0x1a, 0x0e, 0x2e, 0x63, 0x6c, 0x69, 0x65, 0x6e, 0x74, 0x70, 0x62, 0x2e,
	0x54, 0x61, 0x73, 0x6b, 0x12, 0x39, 0x0a, 0x0d, 0x53, 0x65, 0x72, 0x76, 0x69, 0x63, 0x65, 0x44,
	0x65, 0x6c, 0x65, 0x74, 0x65, 0x12, 0x18, 0x2e, 0x6d, 0x6f, 0x64, 0x75, 0x6c, 0x65, 0x70, 0x62,
	0x2e, 0x53, 0x65, 0x72, 0x76, 0x69, 0x63, 0x65, 0x52, 0x65, 0x71, 0x75, 0x65, 0x73, 0x74, 0x1a,
	0x0e, 0x2e, 0x63, 0x6c, 0x69, 0x65, 0x6e, 0x74, 0x70, 0x62, 0x2e, 0x54, 0x61, 0x73, 0x6b, 0x12,
	0x31, 0x0a, 0x0c, 0x54, 0x61, 0x73, 0x6b, 0x53, 0x63, 0x68, 0x64, 0x4c, 0x69, 0x73, 0x74, 0x12,
	0x11, 0x2e, 0x6d, 0x6f, 0x64, 0x75, 0x6c, 0x65, 0x70, 0x62, 0x2e, 0x52, 0x65, 0x71, 0x75, 0x65,
	0x73, 0x74, 0x1a, 0x0e, 0x2e, 0x63, 0x6c, 0x69, 0x65, 0x6e, 0x74, 0x70, 0x62, 0x2e, 0x54, 0x61,
	0x73, 0x6b, 0x12, 0x3f, 0x0a, 0x0e, 0x54, 0x61, 0x73, 0x6b, 0x53, 0x63, 0x68, 0x64, 0x43, 0x72,
	0x65, 0x61, 0x74, 0x65, 0x12, 0x1d, 0x2e, 0x6d, 0x6f, 0x64, 0x75, 0x6c, 0x65, 0x70, 0x62, 0x2e,
	0x54, 0x61, 0x73, 0x6b, 0x53, 0x63, 0x68, 0x65, 0x64, 0x75, 0x6c, 0x65, 0x52, 0x65, 0x71, 0x75,
	0x65, 0x73, 0x74, 0x1a, 0x0e, 0x2e, 0x63, 0x6c, 0x69, 0x65, 0x6e, 0x74, 0x70, 0x62, 0x2e, 0x54,
	0x61, 0x73, 0x6b, 0x12, 0x3e, 0x0a, 0x0d, 0x54, 0x61, 0x73, 0x6b, 0x53, 0x63, 0x68, 0x64, 0x53,
	0x74, 0x61, 0x72, 0x74, 0x12, 0x1d, 0x2e, 0x6d, 0x6f, 0x64, 0x75, 0x6c, 0x65, 0x70, 0x62, 0x2e,
	0x54, 0x61, 0x73, 0x6b, 0x53, 0x63, 0x68, 0x65, 0x64, 0x75, 0x6c, 0x65, 0x52, 0x65, 0x71, 0x75,
	0x65, 0x73, 0x74, 0x1a, 0x0e, 0x2e, 0x63, 0x6c, 0x69, 0x65, 0x6e, 0x74, 0x70, 0x62, 0x2e, 0x54,
	0x61, 0x73, 0x6b, 0x12, 0x3d, 0x0a, 0x0c, 0x54, 0x61, 0x73, 0x6b, 0x53, 0x63, 0x68, 0x64, 0x53,
	0x74, 0x6f, 0x70, 0x12, 0x1d, 0x2e, 0x6d, 0x6f, 0x64, 0x75, 0x6c, 0x65, 0x70, 0x62, 0x2e, 0x54,
	0x61, 0x73, 0x6b, 0x53, 0x63, 0x68, 0x65, 0x64, 0x75, 0x6c, 0x65, 0x52, 0x65, 0x71, 0x75, 0x65,
	0x73, 0x74, 0x1a, 0x0e, 0x2e, 0x63, 0x6c, 0x69, 0x65, 0x6e, 0x74, 0x70, 0x62, 0x2e, 0x54, 0x61,
	0x73, 0x6b, 0x12, 0x3f, 0x0a, 0x0e, 0x54, 0x61, 0x73, 0x6b, 0x53, 0x63, 0x68, 0x64, 0x44, 0x65,
	0x6c, 0x65, 0x74, 0x65, 0x12, 0x1d, 0x2e, 0x6d, 0x6f, 0x64, 0x75, 0x6c, 0x65, 0x70, 0x62, 0x2e,
	0x54, 0x61, 0x73, 0x6b, 0x53, 0x63, 0x68, 0x65, 0x64, 0x75, 0x6c, 0x65, 0x52, 0x65, 0x71, 0x75,
	0x65, 0x73, 0x74, 0x1a, 0x0e, 0x2e, 0x63, 0x6c, 0x69, 0x65, 0x6e, 0x74, 0x70, 0x62, 0x2e, 0x54,
	0x61, 0x73, 0x6b, 0x12, 0x3e, 0x0a, 0x0d, 0x54, 0x61, 0x73, 0x6b, 0x53, 0x63, 0x68, 0x64, 0x51,
	0x75, 0x65, 0x72, 0x79, 0x12, 0x1d, 0x2e, 0x6d, 0x6f, 0x64, 0x75, 0x6c, 0x65, 0x70, 0x62, 0x2e,
	0x54, 0x61, 0x73, 0x6b, 0x53, 0x63, 0x68, 0x65, 0x64, 0x75, 0x6c, 0x65, 0x52, 0x65, 0x71, 0x75,
	0x65, 0x73, 0x74, 0x1a, 0x0e, 0x2e, 0x63, 0x6c, 0x69, 0x65, 0x6e, 0x74, 0x70, 0x62, 0x2e, 0x54,
	0x61, 0x73, 0x6b, 0x12, 0x3c, 0x0a, 0x0b, 0x54, 0x61, 0x73, 0x6b, 0x53, 0x63, 0x68, 0x64, 0x52,
	0x75, 0x6e, 0x12, 0x1d, 0x2e, 0x6d, 0x6f, 0x64, 0x75, 0x6c, 0x65, 0x70, 0x62, 0x2e, 0x54, 0x61,
	0x73, 0x6b, 0x53, 0x63, 0x68, 0x65, 0x64, 0x75, 0x6c, 0x65, 0x52, 0x65, 0x71, 0x75, 0x65, 0x73,
	0x74, 0x1a, 0x0e, 0x2e, 0x63, 0x6c, 0x69, 0x65, 0x6e, 0x74, 0x70, 0x62, 0x2e, 0x54, 0x61, 0x73,
	0x6b, 0x12, 0x35, 0x0a, 0x08, 0x57, 0x6d, 0x69, 0x51, 0x75, 0x65, 0x72, 0x79, 0x12, 0x19, 0x2e,
	0x6d, 0x6f, 0x64, 0x75, 0x6c, 0x65, 0x70, 0x62, 0x2e, 0x57, 0x6d, 0x69, 0x51, 0x75, 0x65, 0x72,
	0x79, 0x52, 0x65, 0x71, 0x75, 0x65, 0x73, 0x74, 0x1a, 0x0e, 0x2e, 0x63, 0x6c, 0x69, 0x65, 0x6e,
	0x74, 0x70, 0x62, 0x2e, 0x54, 0x61, 0x73, 0x6b, 0x12, 0x38, 0x0a, 0x0a, 0x57, 0x6d, 0x69, 0x45,
	0x78, 0x65, 0x63, 0x75, 0x74, 0x65, 0x12, 0x1a, 0x2e, 0x6d, 0x6f, 0x64, 0x75, 0x6c, 0x65, 0x70,
	0x62, 0x2e, 0x57, 0x6d, 0x69, 0x4d, 0x65, 0x74, 0x68, 0x6f, 0x64, 0x52, 0x65, 0x71, 0x75, 0x65,
	0x73, 0x74, 0x1a, 0x0e, 0x2e, 0x63, 0x6c, 0x69, 0x65, 0x6e, 0x74, 0x70, 0x62, 0x2e, 0x54, 0x61,
	0x73, 0x6b, 0x12, 0x2f, 0x0a, 0x05, 0x52, 0x75, 0x6e, 0x61, 0x73, 0x12, 0x16, 0x2e, 0x6d, 0x6f,
	0x64, 0x75, 0x6c, 0x65, 0x70, 0x62, 0x2e, 0x52, 0x75, 0x6e, 0x41, 0x73, 0x52, 0x65, 0x71, 0x75,
	0x65, 0x73, 0x74, 0x1a, 0x0e, 0x2e, 0x63, 0x6c, 0x69, 0x65, 0x6e, 0x74, 0x70, 0x62, 0x2e, 0x54,
	0x61, 0x73, 0x6b, 0x12, 0x2a, 0x0a, 0x05, 0x50, 0x72, 0x69, 0x76, 0x73, 0x12, 0x11, 0x2e, 0x6d,
	0x6f, 0x64, 0x75, 0x6c, 0x65, 0x70, 0x62, 0x2e, 0x52, 0x65, 0x71, 0x75, 0x65, 0x73, 0x74, 0x1a,
	0x0e, 0x2e, 0x63, 0x6c, 0x69, 0x65, 0x6e, 0x74, 0x70, 0x62, 0x2e, 0x54, 0x61, 0x73, 0x6b, 0x12,
	0x2d, 0x0a, 0x08, 0x52, 0x65, 0x76, 0x32, 0x53, 0x65, 0x6c, 0x66, 0x12, 0x11, 0x2e, 0x6d, 0x6f,
	0x64, 0x75, 0x6c, 0x65, 0x70, 0x62, 0x2e, 0x52, 0x65, 0x71, 0x75, 0x65, 0x73, 0x74, 0x1a, 0x0e,
	0x2e, 0x63, 0x6c, 0x69, 0x65, 0x6e, 0x74, 0x70, 0x62, 0x2e, 0x54, 0x61, 0x73, 0x6b, 0x12, 0x2e,
	0x0a, 0x09, 0x47, 0x65, 0x74, 0x53, 0x79, 0x73, 0x74, 0x65, 0x6d, 0x12, 0x11, 0x2e, 0x6d, 0x6f,
	0x64, 0x75, 0x6c, 0x65, 0x70, 0x62, 0x2e, 0x52, 0x65, 0x71, 0x75, 0x65, 0x73, 0x74, 0x1a, 0x0e,
	0x2e, 0x63, 0x6c, 0x69, 0x65, 0x6e, 0x74, 0x70, 0x62, 0x2e, 0x54, 0x61, 0x73, 0x6b, 0x12, 0x33,
	0x0a, 0x0a, 0x50, 0x69, 0x70, 0x65, 0x55, 0x70, 0x6c, 0x6f, 0x61, 0x64, 0x12, 0x15, 0x2e, 0x6d,
	0x6f, 0x64, 0x75, 0x6c, 0x65, 0x70, 0x62, 0x2e, 0x50, 0x69, 0x70, 0x65, 0x52, 0x65, 0x71, 0x75,
	0x65, 0x73, 0x74, 0x1a, 0x0e, 0x2e, 0x63, 0x6c, 0x69, 0x65, 0x6e, 0x74, 0x70, 0x62, 0x2e, 0x54,
	0x61, 0x73, 0x6b, 0x12, 0x31, 0x0a, 0x08, 0x50, 0x69, 0x70, 0x65, 0x52, 0x65, 0x61, 0x64, 0x12,
	0x15, 0x2e, 0x6d, 0x6f, 0x64, 0x75, 0x6c, 0x65, 0x70, 0x62, 0x2e, 0x50, 0x69, 0x70, 0x65, 0x52,
	0x65, 0x71, 0x75, 0x65, 0x73, 0x74, 0x1a, 0x0e, 0x2e, 0x63, 0x6c, 0x69, 0x65, 0x6e, 0x74, 0x70,
	0x62, 0x2e, 0x54, 0x61, 0x73, 0x6b, 0x12, 0x32, 0x0a, 0x09, 0x50, 0x69, 0x70, 0x65, 0x43, 0x6c,
	0x6f, 0x73, 0x65, 0x12, 0x15, 0x2e, 0x6d, 0x6f, 0x64, 0x75, 0x6c, 0x65, 0x70, 0x62, 0x2e, 0x50,
	0x69, 0x70, 0x65, 0x52, 0x65, 0x71, 0x75, 0x65, 0x73, 0x74, 0x1a, 0x0e, 0x2e, 0x63, 0x6c, 0x69,
	0x65, 0x6e, 0x74, 0x70, 0x62, 0x2e, 0x54, 0x61, 0x73, 0x6b, 0x12, 0x33, 0x0a, 0x0a, 0x50, 0x69,
	0x70, 0x65, 0x53, 0x65, 0x72, 0x76, 0x65, 0x72, 0x12, 0x15, 0x2e, 0x6d, 0x6f, 0x64, 0x75, 0x6c,
	0x65, 0x70, 0x62, 0x2e, 0x50, 0x69, 0x70, 0x65, 0x52, 0x65, 0x71, 0x75, 0x65, 0x73, 0x74, 0x1a,
	0x0e, 0x2e, 0x63, 0x6c, 0x69, 0x65, 0x6e, 0x74, 0x70, 0x62, 0x2e, 0x54, 0x61, 0x73, 0x6b, 0x12,
	0x30, 0x0a, 0x07, 0x45, 0x78, 0x65, 0x63, 0x75, 0x74, 0x65, 0x12, 0x15, 0x2e, 0x6d, 0x6f, 0x64,
	0x75, 0x6c, 0x65, 0x70, 0x62, 0x2e, 0x45, 0x78, 0x65, 0x63, 0x52, 0x65, 0x71, 0x75, 0x65, 0x73,
	0x74, 0x1a, 0x0e, 0x2e, 0x63, 0x6c, 0x69, 0x65, 0x6e, 0x74, 0x70, 0x62, 0x2e, 0x54, 0x61, 0x73,
	0x6b, 0x12, 0x37, 0x0a, 0x0c, 0x45, 0x78, 0x65, 0x63, 0x75, 0x74, 0x65, 0x53, 0x70, 0x61, 0x77,
	0x6e, 0x12, 0x17, 0x2e, 0x6d, 0x6f, 0x64, 0x75, 0x6c, 0x65, 0x70, 0x62, 0x2e, 0x45, 0x78, 0x65,
	0x63, 0x75, 0x74, 0x65, 0x42, 0x69, 0x6e, 0x61, 0x72, 0x79, 0x1a, 0x0e, 0x2e, 0x63, 0x6c, 0x69,
	0x65, 0x6e, 0x74, 0x70, 0x62, 0x2e, 0x54, 0x61, 0x73, 0x6b, 0x12, 0x3a, 0x0a, 0x0f, 0x45, 0x78,
	0x65, 0x63, 0x75, 0x74, 0x65, 0x41, 0x73, 0x73, 0x65, 0x6d, 0x62, 0x6c, 0x79, 0x12, 0x17, 0x2e,
	0x6d, 0x6f, 0x64, 0x75, 0x6c, 0x65, 0x70, 0x62, 0x2e, 0x45, 0x78, 0x65, 0x63, 0x75, 0x74, 0x65,
	0x42, 0x69, 0x6e, 0x61, 0x72, 0x79, 0x1a, 0x0e, 0x2e, 0x63, 0x6c, 0x69, 0x65, 0x6e, 0x74, 0x70,
	0x62, 0x2e, 0x54, 0x61, 0x73, 0x6b, 0x12, 0x3b, 0x0a, 0x10, 0x45, 0x78, 0x65, 0x63, 0x75, 0x74,
	0x65, 0x50, 0x6f, 0x77, 0x65, 0x72, 0x70, 0x69, 0x63, 0x6b, 0x12, 0x17, 0x2e, 0x6d, 0x6f, 0x64,
	0x75, 0x6c, 0x65, 0x70, 0x62, 0x2e, 0x45, 0x78, 0x65, 0x63, 0x75, 0x74, 0x65, 0x42, 0x69, 0x6e,
	0x61, 0x72, 0x79, 0x1a, 0x0e, 0x2e, 0x63, 0x6c, 0x69, 0x65, 0x6e, 0x74, 0x70, 0x62, 0x2e, 0x54,
	0x61, 0x73, 0x6b, 0x12, 0x35, 0x0a, 0x0a, 0x45, 0x78, 0x65, 0x63, 0x75, 0x74, 0x65, 0x45, 0x58,
	0x45, 0x12, 0x17, 0x2e, 0x6d, 0x6f, 0x64, 0x75, 0x6c, 0x65, 0x70, 0x62, 0x2e, 0x45, 0x78, 0x65,
	0x63, 0x75, 0x74, 0x65, 0x42, 0x69, 0x6e, 0x61, 0x72, 0x79, 0x1a, 0x0e, 0x2e, 0x63, 0x6c, 0x69,
	0x65, 0x6e, 0x74, 0x70, 0x62, 0x2e, 0x54, 0x61, 0x73, 0x6b, 0x12, 0x35, 0x0a, 0x0a, 0x45, 0x78,
	0x65, 0x63, 0x75, 0x74, 0x65, 0x44, 0x4c, 0x4c, 0x12, 0x17, 0x2e, 0x6d, 0x6f, 0x64, 0x75, 0x6c,
	0x65, 0x70, 0x62, 0x2e, 0x45, 0x78, 0x65, 0x63, 0x75, 0x74, 0x65, 0x42, 0x69, 0x6e, 0x61, 0x72,
	0x79, 0x1a, 0x0e, 0x2e, 0x63, 0x6c, 0x69, 0x65, 0x6e, 0x74, 0x70, 0x62, 0x2e, 0x54, 0x61, 0x73,
	0x6b, 0x12, 0x38, 0x0a, 0x0d, 0x45, 0x78, 0x65, 0x63, 0x75, 0x74, 0x65, 0x41, 0x72, 0x6d, 0x6f,
	0x72, 0x79, 0x12, 0x17, 0x2e, 0x6d, 0x6f, 0x64, 0x75, 0x6c, 0x65, 0x70, 0x62, 0x2e, 0x45, 0x78,
	0x65, 0x63, 0x75, 0x74, 0x65, 0x42, 0x69, 0x6e, 0x61, 0x72, 0x79, 0x1a, 0x0e, 0x2e, 0x63, 0x6c,
	0x69, 0x65, 0x6e, 0x74, 0x70, 0x62, 0x2e, 0x54, 0x61, 0x73, 0x6b, 0x12, 0x3b, 0x0a, 0x10, 0x45,
	0x78, 0x65, 0x63, 0x75, 0x74, 0x65, 0x53, 0x68, 0x65, 0x6c, 0x6c, 0x63, 0x6f, 0x64, 0x65, 0x12,
	0x17, 0x2e, 0x6d, 0x6f, 0x64, 0x75, 0x6c, 0x65, 0x70, 0x62, 0x2e, 0x45, 0x78, 0x65, 0x63, 0x75,
	0x74, 0x65, 0x42, 0x69, 0x6e, 0x61, 0x72, 0x79, 0x1a, 0x0e, 0x2e, 0x63, 0x6c, 0x69, 0x65, 0x6e,
	0x74, 0x70, 0x62, 0x2e, 0x54, 0x61, 0x73, 0x6b, 0x12, 0x35, 0x0a, 0x0a, 0x45, 0x78, 0x65, 0x63,
	0x75, 0x74, 0x65, 0x42, 0x6f, 0x66, 0x12, 0x17, 0x2e, 0x6d, 0x6f, 0x64, 0x75, 0x6c, 0x65, 0x70,
	0x62, 0x2e, 0x45, 0x78, 0x65, 0x63, 0x75, 0x74, 0x65, 0x42, 0x69, 0x6e, 0x61, 0x72, 0x79, 0x1a,
	0x0e, 0x2e, 0x63, 0x6c, 0x69, 0x65, 0x6e, 0x74, 0x70, 0x62, 0x2e, 0x54, 0x61, 0x73, 0x6b, 0x12,
	0x37, 0x0a, 0x0c, 0x45, 0x78, 0x65, 0x63, 0x75, 0x74, 0x65, 0x4c, 0x6f, 0x63, 0x61, 0x6c, 0x12,
	0x17, 0x2e, 0x6d, 0x6f, 0x64, 0x75, 0x6c, 0x65, 0x70, 0x62, 0x2e, 0x45, 0x78, 0x65, 0x63, 0x75,
	0x74, 0x65, 0x42, 0x69, 0x6e, 0x61, 0x72, 0x79, 0x1a, 0x0e, 0x2e, 0x63, 0x6c, 0x69, 0x65, 0x6e,
	0x74, 0x70, 0x62, 0x2e, 0x54, 0x61, 0x73, 0x6b, 0x12, 0x36, 0x0a, 0x0b, 0x49, 0x6e, 0x6c, 0x69,
	0x6e, 0x65, 0x4c, 0x6f, 0x63, 0x61, 0x6c, 0x12, 0x17, 0x2e, 0x6d, 0x6f, 0x64, 0x75, 0x6c, 0x65,
	0x70, 0x62, 0x2e, 0x45, 0x78, 0x65, 0x63, 0x75, 0x74, 0x65, 0x42, 0x69, 0x6e, 0x61, 0x72, 0x79,
	0x1a, 0x0e, 0x2e, 0x63, 0x6c, 0x69, 0x65, 0x6e, 0x74, 0x70, 0x62, 0x2e, 0x54, 0x61, 0x73, 0x6b,
	0x12, 0x2c, 0x0a, 0x07, 0x52, 0x65, 0x6d, 0x44, 0x69, 0x61, 0x6c, 0x12, 0x11, 0x2e, 0x6d, 0x6f,
	0x64, 0x75, 0x6c, 0x65, 0x70, 0x62, 0x2e, 0x52, 0x65, 0x71, 0x75, 0x65, 0x73, 0x74, 0x1a, 0x0e,
	0x2e, 0x63, 0x6c, 0x69, 0x65, 0x6e, 0x74, 0x70, 0x62, 0x2e, 0x54, 0x61, 0x73, 0x6b, 0x12, 0x30,
	0x0a, 0x08, 0x54, 0x63, 0x70, 0x52, 0x65, 0x6c, 0x61, 0x79, 0x12, 0x14, 0x2e, 0x6d, 0x6f, 0x64,
	0x75, 0x6c, 0x65, 0x70, 0x62, 0x2e, 0x54, 0x75, 0x6e, 0x6e, 0x65, 0x6c, 0x43, 0x74, 0x72, 0x6c,
	0x1a, 0x0e, 0x2e, 0x63, 0x6c, 0x69, 0x65, 0x6e, 0x74, 0x70, 0x62, 0x2e, 0x54, 0x61, 0x73, 0x6b,
	0x12, 0x32, 0x0a, 0x0a, 0x54, 0x75, 0x6e, 0x6e, 0x65, 0x6c, 0x4f, 0x70, 0x65, 0x6e, 0x12, 0x14,
	0x2e, 0x6d, 0x6f, 0x64, 0x75, 0x6c, 0x65, 0x70, 0x62, 0x2e, 0x54, 0x75, 0x6e, 0x6e, 0x65, 0x6c,
	0x4f, 0x70, 0x65, 0x6e, 0x1a, 0x0e, 0x2e, 0x63, 0x6c, 0x69, 0x65, 0x6e, 0x74, 0x70, 0x62, 0x2e,
	0x54, 0x61, 0x73, 0x6b, 0x12, 0x32, 0x0a, 0x0a, 0x54, 0x75, 0x6e, 0x6e, 0x65, 0x6c, 0x44, 0x61,
	0x74, 0x61, 0x12, 0x14, 0x2e, 0x6d, 0x6f, 0x64, 0x75, 0x6c, 0x65, 0x70, 0x62, 0x2e, 0x54, 0x75,
	0x6e, 0x6e, 0x65, 0x6c, 0x44, 0x61, 0x74, 0x61, 0x1a, 0x0e, 0x2e, 0x63, 0x6c, 0x69, 0x65, 0x6e,
	0x74, 0x70, 0x62, 0x2e, 0x54, 0x61, 0x73, 0x6b, 0x12, 0x34, 0x0a, 0x0b, 0x54, 0x75, 0x6e, 0x6e,
	0x65, 0x6c, 0x43, 0x6c, 0x6f, 0x73, 0x65, 0x12, 0x15, 0x2e, 0x6d, 0x6f, 0x64, 0x75, 0x6c, 0x65,
	0x70, 0x62, 0x2e, 0x54, 0x75, 0x6e, 0x6e, 0x65, 0x6c, 0x43, 0x6c, 0x6f, 0x73, 0x65, 0x1a, 0x0e,
	0x2e, 0x63, 0x6c, 0x69, 0x65, 0x6e, 0x74, 0x70, 0x62, 0x2e, 0x54, 0x61, 0x73, 0x6b, 0x12, 0x31,
	0x0a, 0x06, 0x46, 0x46, 0x6d, 0x70, 0x65, 0x67, 0x12, 0x17, 0x2e, 0x6d, 0x6f, 0x64, 0x75, 0x6c,
	0x65, 0x70, 0x62, 0x2e, 0x46, 0x46, 0x6d, 0x70, 0x65, 0x67, 0x52, 0x65, 0x71, 0x75, 0x65, 0x73,
	0x74, 0x1a, 0x0e, 0x2e, 0x63, 0x6c, 0x69, 0x65, 0x6e, 0x74, 0x70, 0x62, 0x2e, 0x54, 0x61, 0x73,
	0x6b, 0x12, 0x37, 0x0a, 0x0d, 0x45, 0x58, 0x45, 0x32, 0x53, 0x68, 0x65, 0x6c, 0x6c, 0x63, 0x6f,
	0x64, 0x65, 0x12, 0x17, 0x2e, 0x63, 0x6c, 0x69, 0x65, 0x6e, 0x74, 0x70, 0x62, 0x2e, 0x45, 0x58,
	0x45, 0x32, 0x53, 0x68, 0x65, 0x6c, 0x6c, 0x63, 0x6f, 0x64, 0x65, 0x1a, 0x0d, 0x2e, 0x63, 0x6c,
	0x69, 0x65, 0x6e, 0x74, 0x70, 0x62, 0x2e, 0x42, 0x69, 0x6e, 0x12, 0x37, 0x0a, 0x0d, 0x44, 0x4c,
	0x4c, 0x32, 0x53, 0x68, 0x65, 0x6c, 0x6c, 0x63, 0x6f, 0x64, 0x65, 0x12, 0x17, 0x2e, 0x63, 0x6c,
	0x69, 0x65, 0x6e, 0x74, 0x70, 0x62, 0x2e, 0x44, 0x4c, 0x4c, 0x32, 0x53, 0x68, 0x65, 0x6c, 0x6c,
	0x63, 0x6f, 0x64, 0x65, 0x1a, 0x0d, 0x2e, 0x63, 0x6c, 0x69, 0x65, 0x6e, 0x74, 0x70, 0x62, 0x2e,
	0x42, 0x69, 0x6e, 0x12, 0x3b, 0x0a, 0x0f, 0x53, 0x68, 0x65, 0x6c, 0x6c, 0x63, 0x6f, 0x64, 0x65,
	0x45, 0x6e, 0x63, 0x6f, 0x64, 0x65, 0x12, 0x19, 0x2e, 0x63, 0x6c, 0x69, 0x65, 0x6e, 0x74, 0x70,
	0x62, 0x2e, 0x53, 0x68, 0x65, 0x6c, 0x6c, 0x63, 0x6f, 0x64, 0x65, 0x45, 0x6e, 0x63, 0x6f, 0x64,
	0x65, 0x1a, 0x0d, 0x2e, 0x63, 0x6c, 0x69, 0x65, 0x6e, 0x74, 0x70, 0x62, 0x2e, 0x42, 0x69, 0x6e,
	0x12, 0x38, 0x0a, 0x0a, 0x4d, 0x75, 0x74, 0x61, 0x6e, 0x74, 0x53, 0x72, 0x64, 0x69, 0x12, 0x1b,
	0x2e, 0x63, 0x6c, 0x69, 0x65, 0x6e, 0x74, 0x70, 0x62, 0x2e, 0x4d, 0x75, 0x74, 0x61, 0x6e, 0x74,
	0x53, 0x72, 0x64, 0x69, 0x52, 0x65, 0x71, 0x75, 0x65, 0x73, 0x74, 0x1a, 0x0d, 0x2e, 0x63, 0x6c,
	0x69, 0x65, 0x6e, 0x74, 0x70, 0x62, 0x2e, 0x42, 0x69, 0x6e, 0x12, 0x3a, 0x0a, 0x0b, 0x4d, 0x75,
	0x74, 0x61, 0x6e, 0x74, 0x53, 0x74, 0x72, 0x69, 0x70, 0x12, 0x1c, 0x2e, 0x63, 0x6c, 0x69, 0x65,
	0x6e, 0x74, 0x70, 0x62, 0x2e, 0x4d, 0x75, 0x74, 0x61, 0x6e, 0x74, 0x53, 0x74, 0x72, 0x69, 0x70,
	0x52, 0x65, 0x71, 0x75, 0x65, 0x73, 0x74, 0x1a, 0x0d, 0x2e, 0x63, 0x6c, 0x69, 0x65, 0x6e, 0x74,
	0x70, 0x62, 0x2e, 0x42, 0x69, 0x6e, 0x12, 0x40, 0x0a, 0x0e, 0x4d, 0x75, 0x74, 0x61, 0x6e, 0x74,
	0x53, 0x69, 0x67, 0x66, 0x6f, 0x72, 0x67, 0x65, 0x12, 0x1f, 0x2e, 0x63, 0x6c, 0x69, 0x65, 0x6e,
	0x74, 0x70, 0x62, 0x2e, 0x4d, 0x75, 0x74, 0x61, 0x6e, 0x74, 0x53, 0x69, 0x67, 0x66, 0x6f, 0x72,
	0x67, 0x65, 0x52, 0x65, 0x71, 0x75, 0x65, 0x73, 0x74, 0x1a, 0x0d, 0x2e, 0x63, 0x6c, 0x69, 0x65,
	0x6e, 0x74, 0x70, 0x62, 0x2e, 0x42, 0x69, 0x6e, 0x12, 0x47, 0x0a, 0x0a, 0x4d, 0x75, 0x74, 0x61,
	0x6e, 0x74, 0x54, 0x6f, 0x6f, 0x6c, 0x12, 0x1b, 0x2e, 0x63, 0x6c, 0x69, 0x65, 0x6e, 0x74, 0x70,
	0x62, 0x2e, 0x4d, 0x75, 0x74, 0x61, 0x6e, 0x74, 0x54, 0x6f, 0x6f, 0x6c, 0x52, 0x65, 0x71, 0x75,
	0x65, 0x73, 0x74, 0x1a, 0x1c, 0x2e, 0x63, 0x6c, 0x69, 0x65, 0x6e, 0x74, 0x70, 0x62, 0x2e, 0x4d,
	0x75, 0x74, 0x61, 0x6e, 0x74, 0x54, 0x6f, 0x6f, 0x6c, 0x52, 0x65, 0x73, 0x70, 0x6f, 0x6e, 0x73,
	0x65, 0x12, 0x30, 0x0a, 0x08, 0x4c, 0x69, 0x73, 0x74, 0x4a, 0x6f, 0x62, 0x73, 0x12, 0x0f, 0x2e,
	0x63, 0x6c, 0x69, 0x65, 0x6e, 0x74, 0x70, 0x62, 0x2e, 0x45, 0x6d, 0x70, 0x74, 0x79, 0x1a, 0x13,
	0x2e, 0x63, 0x6c, 0x69, 0x65, 0x6e, 0x74, 0x70, 0x62, 0x2e, 0x50, 0x69, 0x70, 0x65, 0x6c, 0x69,
	0x6e, 0x65, 0x73, 0x12, 0x32, 0x0a, 0x0b, 0x47, 0x65, 0x74, 0x50, 0x72, 0x6f, 0x66, 0x69, 0x6c,
	0x65, 0x73, 0x12, 0x0f, 0x2e, 0x63, 0x6c, 0x69, 0x65, 0x6e, 0x74, 0x70, 0x62, 0x2e, 0x45, 0x6d,
	0x70, 0x74, 0x79, 0x1a, 0x12, 0x2e, 0x63, 0x6c, 0x69, 0x65, 0x6e, 0x74, 0x70, 0x62, 0x2e, 0x50,
	0x72, 0x6f, 0x66, 0x69, 0x6c, 0x65, 0x73, 0x12, 0x38, 0x0a, 0x10, 0x47, 0x65, 0x74, 0x50, 0x72,
	0x6f, 0x66, 0x69, 0x6c, 0x65, 0x42, 0x79, 0x4e, 0x61, 0x6d, 0x65, 0x12, 0x11, 0x2e, 0x63, 0x6c,
	0x69, 0x65, 0x6e, 0x74, 0x70, 0x62, 0x2e, 0x50, 0x72, 0x6f, 0x66, 0x69, 0x6c, 0x65, 0x1a, 0x11,
	0x2e, 0x63, 0x6c, 0x69, 0x65, 0x6e, 0x74, 0x70, 0x62, 0x2e, 0x50, 0x72, 0x6f, 0x66, 0x69, 0x6c,
	0x65, 0x12, 0x33, 0x0a, 0x0d, 0x44, 0x65, 0x6c, 0x65, 0x74, 0x65, 0x50, 0x72, 0x6f, 0x66, 0x69,
	0x6c, 0x65, 0x12, 0x11, 0x2e, 0x63, 0x6c, 0x69, 0x65, 0x6e, 0x74, 0x70, 0x62, 0x2e, 0x50, 0x72,
	0x6f, 0x66, 0x69, 0x6c, 0x65, 0x1a, 0x0f, 0x2e, 0x63, 0x6c, 0x69, 0x65, 0x6e, 0x74, 0x70, 0x62,
	0x2e, 0x45, 0x6d, 0x70, 0x74, 0x79, 0x12, 0x33, 0x0a, 0x0d, 0x55, 0x70, 0x64, 0x61, 0x74, 0x65,
	0x50, 0x72, 0x6f, 0x66, 0x69, 0x6c, 0x65, 0x12, 0x11, 0x2e, 0x63, 0x6c, 0x69, 0x65, 0x6e, 0x74,
	0x70, 0x62, 0x2e, 0x50, 0x72, 0x6f, 0x66, 0x69, 0x6c, 0x65, 0x1a, 0x0f, 0x2e, 0x63, 0x6c, 0x69,
	0x65, 0x6e, 0x74, 0x70, 0x62, 0x2e, 0x45, 0x6d, 0x70, 0x74, 0x79, 0x12, 0x34, 0x0a, 0x0c, 0x4c,
	0x69, 0x73, 0x74, 0x41, 0x72, 0x74, 0x69, 0x66, 0x61, 0x63, 0x74, 0x12, 0x0f, 0x2e, 0x63, 0x6c,
	0x69, 0x65, 0x6e, 0x74, 0x70, 0x62, 0x2e, 0x45, 0x6d, 0x70, 0x74, 0x79, 0x1a, 0x13, 0x2e, 0x63,
	0x6c, 0x69, 0x65, 0x6e, 0x74, 0x70, 0x62, 0x2e, 0x41, 0x72, 0x74, 0x69, 0x66, 0x61, 0x63, 0x74,
	0x73, 0x12, 0x3a, 0x0a, 0x10, 0x44, 0x6f, 0x77, 0x6e, 0x6c, 0x6f, 0x61, 0x64, 0x41, 0x72, 0x74,
	0x69, 0x66, 0x61, 0x63, 0x74, 0x12, 0x12, 0x2e, 0x63, 0x6c, 0x69, 0x65, 0x6e, 0x74, 0x70, 0x62,
	0x2e, 0x41, 0x72, 0x74, 0x69, 0x66, 0x61, 0x63, 0x74, 0x1a, 0x12, 0x2e, 0x63, 0x6c, 0x69, 0x65,
	0x6e, 0x74, 0x70, 0x62, 0x2e, 0x41, 0x72, 0x74, 0x69, 0x66, 0x61, 0x63, 0x74, 0x12, 0x47, 0x0a,
	0x16, 0x44, 0x6f, 0x77, 0x6e, 0x6c, 0x6f, 0x61, 0x64, 0x41, 0x72, 0x74, 0x69, 0x66, 0x61, 0x63,
	0x74, 0x53, 0x74, 0x72, 0x65, 0x61, 0x6d, 0x12, 0x12, 0x2e, 0x63, 0x6c, 0x69, 0x65, 0x6e, 0x74,
	0x70, 0x62, 0x2e, 0x41, 0x72, 0x74, 0x69, 0x66, 0x61, 0x63, 0x74, 0x1a, 0x17, 0x2e, 0x63, 0x6c,
	0x69, 0x65, 0x6e, 0x74, 0x70, 0x62, 0x2e, 0x41, 0x72, 0x74, 0x69, 0x66, 0x61, 0x63, 0x74, 0x43,
	0x68, 0x75, 0x6e, 0x6b, 0x30, 0x01, 0x12, 0x38, 0x0a, 0x0e, 0x55, 0x70, 0x6c, 0x6f, 0x61, 0x64,
	0x41, 0x72, 0x74, 0x69, 0x66, 0x61, 0x63, 0x74, 0x12, 0x12, 0x2e, 0x63, 0x6c, 0x69, 0x65, 0x6e,
	0x74, 0x70, 0x62, 0x2e, 0x41, 0x72, 0x74, 0x69, 0x66, 0x61, 0x63, 0x74, 0x1a, 0x12, 0x2e, 0x63,
	0x6c, 0x69, 0x65, 0x6e, 0x74, 0x70, 0x62, 0x2e, 0x41, 0x72, 0x74, 0x69, 0x66, 0x61, 0x63, 0x74,
	0x12, 0x38, 0x0a, 0x0e, 0x55, 0x70, 0x64, 0x61, 0x74, 0x65, 0x41, 0x72, 0x74, 0x69, 0x66, 0x61,
	0x63, 0x74, 0x12, 0x12, 0x2e, 0x63, 0x6c, 0x69, 0x65, 0x6e, 0x74, 0x70, 0x62, 0x2e, 0x41, 0x72,
	0x74, 0x69, 0x66, 0x61, 0x63, 0x74, 0x1a, 0x12, 0x2e, 0x63, 0x6c, 0x69, 0x65, 0x6e, 0x74, 0x70,
	0x62, 0x2e, 0x41, 0x72, 0x74, 0x69, 0x66, 0x61, 0x63, 0x74, 0x12, 0x35, 0x0a, 0x0e, 0x44, 0x65,
	0x6c, 0x65, 0x74, 0x65, 0x41, 0x72, 0x74, 0x69, 0x66, 0x61, 0x63, 0x74, 0x12, 0x12, 0x2e, 0x63,
	0x6c, 0x69, 0x65, 0x6e, 0x74, 0x70, 0x62, 0x2e, 0x41, 0x72, 0x74, 0x69, 0x66, 0x61, 0x63, 0x74,
	0x1a, 0x0f, 0x2e, 0x63, 0x6c, 0x69, 0x65, 0x6e, 0x74, 0x70, 0x62, 0x2e, 0x45, 0x6d, 0x70, 0x74,
	0x79, 0x12, 0x3c, 0x0a, 0x12, 0x47, 0x65, 0x74, 0x41, 0x72, 0x74, 0x69, 0x66, 0x61, 0x63, 0x74,
	0x50, 0x72, 0x6f, 0x66, 0x69, 0x6c, 0x65, 0x12, 0x12, 0x2e, 0x63, 0x6c, 0x69, 0x65, 0x6e, 0x74,
	0x70, 0x62, 0x2e, 0x41, 0x72, 0x74, 0x69, 0x66, 0x61, 0x63, 0x74, 0x1a, 0x12, 0x2e, 0x63, 0x6c,
	0x69, 0x65, 0x6e, 0x74, 0x70, 0x62, 0x2e, 0x41, 0x72, 0x74, 0x69, 0x66, 0x61, 0x63, 0x74, 0x12,
	0x38, 0x0a, 0x0e, 0x47, 0x65, 0x74, 0x4c, 0x69, 0x63, 0x65, 0x6e, 0x73, 0x65, 0x49, 0x6e, 0x66,
	0x6f, 0x12, 0x0f, 0x2e, 0x63, 0x6c, 0x69, 0x65, 0x6e, 0x74, 0x70, 0x62, 0x2e, 0x45, 0x6d, 0x70,
	0x74, 0x79, 0x1a, 0x15, 0x2e, 0x63, 0x6c, 0x69, 0x65, 0x6e, 0x74, 0x70, 0x62, 0x2e, 0x4c, 0x69,
	0x63, 0x65, 0x6e, 0x73, 0x65, 0x49, 0x6e, 0x66, 0x6f, 0x12, 0x48, 0x0a, 0x12, 0x55, 0x70, 0x64,
	0x61, 0x74, 0x65, 0x47, 0x69, 0x74, 0x68, 0x75, 0x62, 0x43, 0x6f, 0x6e, 0x66, 0x69, 0x67, 0x12,
	0x21, 0x2e, 0x63, 0x6c, 0x69, 0x65, 0x6e, 0x74, 0x70, 0x62, 0x2e, 0x47, 0x69, 0x74, 0x68, 0x75,
	0x62, 0x41, 0x63, 0x74, 0x69, 0x6f, 0x6e, 0x42, 0x75, 0x69, 0x6c, 0x64, 0x43, 0x6f, 0x6e, 0x66,
	0x69, 0x67, 0x1a, 0x0f, 0x2e, 0x63, 0x6c, 0x69, 0x65, 0x6e, 0x74, 0x70, 0x62, 0x2e, 0x45, 0x6d,
	0x70, 0x74, 0x79, 0x12, 0x45, 0x0a, 0x0f, 0x47, 0x65, 0x74, 0x47, 0x69, 0x74, 0x68, 0x75, 0x62,
	0x43, 0x6f, 0x6e, 0x66, 0x69, 0x67, 0x12, 0x0f, 0x2e, 0x63, 0x6c, 0x69, 0x65, 0x6e, 0x74, 0x70,
	0x62, 0x2e, 0x45, 0x6d, 0x70, 0x74, 0x79, 0x1a, 0x21, 0x2e, 0x63, 0x6c, 0x69, 0x65, 0x6e, 0x74,
	0x70, 0x62, 0x2e, 0x47, 0x69, 0x74, 0x68, 0x75, 0x62, 0x41, 0x63, 0x74, 0x69, 0x6f, 0x6e, 0x42,
	0x75, 0x69, 0x6c, 0x64, 0x43, 0x6f, 0x6e, 0x66, 0x69, 0x67, 0x12, 0x39, 0x0a, 0x10, 0x55, 0x70,
	0x64, 0x61, 0x74, 0x65, 0x53, 0x61, 0x61, 0x73, 0x43, 0x6f, 0x6e, 0x66, 0x69, 0x67, 0x12, 0x14,
	0x2e, 0x63, 0x6c, 0x69, 0x65, 0x6e, 0x74, 0x70, 0x62, 0x2e, 0x53, 0x61, 0x61, 0x73, 0x43, 0x6f,
	0x6e, 0x66, 0x69, 0x67, 0x1a, 0x0f, 0x2e, 0x63, 0x6c, 0x69, 0x65, 0x6e, 0x74, 0x70, 0x62, 0x2e,
	0x45, 0x6d, 0x70, 0x74, 0x79, 0x12, 0x36, 0x0a, 0x0d, 0x47, 0x65, 0x74, 0x53, 0x61, 0x61, 0x73,
	0x43, 0x6f, 0x6e, 0x66, 0x69, 0x67, 0x12, 0x0f, 0x2e, 0x63, 0x6c, 0x69, 0x65, 0x6e, 0x74, 0x70,
	0x62, 0x2e, 0x45, 0x6d, 0x70, 0x74, 0x79, 0x1a, 0x14, 0x2e, 0x63, 0x6c, 0x69, 0x65, 0x6e, 0x74,
	0x70, 0x62, 0x2e, 0x53, 0x61, 0x61, 0x73, 0x43, 0x6f, 0x6e, 0x66, 0x69, 0x67, 0x12, 0x37, 0x0a,
	0x12, 0x55, 0x70, 0x64, 0x61, 0x74, 0x65, 0x4e, 0x6f, 0x74, 0x69, 0x66, 0x79, 0x43, 0x6f, 0x6e,
	0x66, 0x69, 0x67, 0x12, 0x10, 0x2e, 0x63, 0x6c, 0x69, 0x65, 0x6e, 0x74, 0x70, 0x62, 0x2e, 0x4e,
	0x6f, 0x74, 0x69, 0x66, 0x79, 0x1a, 0x0f, 0x2e, 0x63, 0x6c, 0x69, 0x65, 0x6e, 0x74, 0x70, 0x62,
	0x2e, 0x45, 0x6d, 0x70, 0x74, 0x79, 0x12, 0x34, 0x0a, 0x0f, 0x47, 0x65, 0x74, 0x4e, 0x6f, 0x74,
	0x69, 0x66, 0x79, 0x43, 0x6f, 0x6e, 0x66, 0x69, 0x67, 0x12, 0x0f, 0x2e, 0x63, 0x6c, 0x69, 0x65,
	0x6e, 0x74, 0x70, 0x62, 0x2e, 0x45, 0x6d, 0x70, 0x74, 0x79, 0x1a, 0x10, 0x2e, 0x63, 0x6c, 0x69,
	0x65, 0x6e, 0x74, 0x70, 0x62, 0x2e, 0x4e, 0x6f, 0x74, 0x69, 0x66, 0x79, 0x12, 0x36, 0x0a, 0x0d,
	0x47, 0x65, 0x74, 0x41, 0x63, 0x6d, 0x65, 0x43, 0x6f, 0x6e, 0x66, 0x69, 0x67, 0x12, 0x0f, 0x2e,
	0x63, 0x6c, 0x69, 0x65, 0x6e, 0x74, 0x70, 0x62, 0x2e, 0x45, 0x6d, 0x70, 0x74, 0x79, 0x1a, 0x14,
	0x2e, 0x63, 0x6c, 0x69, 0x65, 0x6e, 0x74, 0x70, 0x62, 0x2e, 0x41, 0x63, 0x6d, 0x65, 0x43, 0x6f,
	0x6e, 0x66, 0x69, 0x67, 0x12, 0x39, 0x0a, 0x10, 0x55, 0x70, 0x64, 0x61, 0x74, 0x65, 0x41, 0x63,
	0x6d, 0x65, 0x43, 0x6f, 0x6e, 0x66, 0x69, 0x67, 0x12, 0x14, 0x2e, 0x63, 0x6c, 0x69, 0x65, 0x6e,
	0x74, 0x70, 0x62, 0x2e, 0x41, 0x63, 0x6d, 0x65, 0x43, 0x6f, 0x6e, 0x66, 0x69, 0x67, 0x1a, 0x0f,
	0x2e, 0x63, 0x6c, 0x69, 0x65, 0x6e, 0x74, 0x70, 0x62, 0x2e, 0x45, 0x6d, 0x70, 0x74, 0x79, 0x12,
	0x31, 0x0a, 0x0d, 0x52, 0x65, 0x66, 0x72, 0x65, 0x73, 0x68, 0x43, 0x6f, 0x6e, 0x66, 0x69, 0x67,
	0x12, 0x0f, 0x2e, 0x63, 0x6c, 0x69, 0x65, 0x6e, 0x74, 0x70, 0x62, 0x2e, 0x45, 0x6d, 0x70, 0x74,
	0x79, 0x1a, 0x0f, 0x2e, 0x63, 0x6c, 0x69, 0x65, 0x6e, 0x74, 0x70, 0x62, 0x2e, 0x45, 0x6d, 0x70,
	0x74, 0x79, 0x12, 0x34, 0x0a, 0x11, 0x44, 0x65, 0x6c, 0x65, 0x74, 0x65, 0x43, 0x65, 0x72, 0x74,
	0x69, 0x66, 0x69, 0x63, 0x61, 0x74, 0x65, 0x12, 0x0e, 0x2e, 0x63, 0x6c, 0x69, 0x65, 0x6e, 0x74,
	0x70, 0x62, 0x2e, 0x43, 0x65, 0x72, 0x74, 0x1a, 0x0f, 0x2e, 0x63, 0x6c, 0x69, 0x65, 0x6e, 0x74,
	0x70, 0x62, 0x2e, 0x45, 0x6d, 0x70, 0x74, 0x79, 0x12, 0x33, 0x0a, 0x11, 0x55, 0x70, 0x64, 0x61,
	0x74, 0x65, 0x43, 0x65, 0x72, 0x74, 0x69, 0x66, 0x69, 0x63, 0x61, 0x74, 0x65, 0x12, 0x0d, 0x2e,
	0x63, 0x6c, 0x69, 0x65, 0x6e, 0x74, 0x70, 0x62, 0x2e, 0x54, 0x4c, 0x53, 0x1a, 0x0f, 0x2e, 0x63,
	0x6c, 0x69, 0x65, 0x6e, 0x74, 0x70, 0x62, 0x2e, 0x45, 0x6d, 0x70, 0x74, 0x79, 0x12, 0x36, 0x0a,
	0x12, 0x47, 0x65, 0x74, 0x41, 0x6c, 0x6c, 0x43, 0x65, 0x72, 0x74, 0x69, 0x66, 0x69, 0x63, 0x61,
	0x74, 0x65, 0x73, 0x12, 0x0f, 0x2e, 0x63, 0x6c, 0x69, 0x65, 0x6e, 0x74, 0x70, 0x62, 0x2e, 0x45,
	0x6d, 0x70, 0x74, 0x79, 0x1a, 0x0f, 0x2e, 0x63, 0x6c, 0x69, 0x65, 0x6e, 0x74, 0x70, 0x62, 0x2e,
	0x43, 0x65, 0x72, 0x74, 0x73, 0x12, 0x34, 0x0a, 0x13, 0x44, 0x6f, 0x77, 0x6e, 0x6c, 0x6f, 0x61,
	0x64, 0x43, 0x65, 0x72, 0x74, 0x69, 0x66, 0x69, 0x63, 0x61, 0x74, 0x65, 0x12, 0x0e, 0x2e, 0x63,
	0x6c, 0x69, 0x65, 0x6e, 0x74, 0x70, 0x62, 0x2e, 0x43, 0x65, 0x72, 0x74, 0x1a, 0x0d, 0x2e, 0x63,
	0x6c, 0x69, 0x65, 0x6e, 0x74, 0x70, 0x62, 0x2e, 0x54, 0x4c, 0x53, 0x12, 0x57, 0x0a, 0x10, 0x41,
	0x70, 0x70, 0x6c, 0x79, 0x43, 0x65, 0x72, 0x74, 0x69, 0x66, 0x69, 0x63, 0x61, 0x74, 0x65, 0x12,
	0x21, 0x2e, 0x63, 0x6c, 0x69, 0x65, 0x6e, 0x74, 0x70, 0x62, 0x2e, 0x43, 0x65, 0x72, 0x74, 0x69,
	0x66, 0x69, 0x63, 0x61, 0x74, 0x65, 0x41, 0x70, 0x70, 0x6c, 0x79, 0x52, 0x65, 0x71, 0x75, 0x65,
	0x73, 0x74, 0x1a, 0x20, 0x2e, 0x63, 0x6c, 0x69, 0x65, 0x6e, 0x74, 0x70, 0x62, 0x2e, 0x43, 0x65,
	0x72, 0x74, 0x69, 0x66, 0x69, 0x63, 0x61, 0x74, 0x65, 0x41, 0x70, 0x70, 0x6c, 0x79, 0x52, 0x65,
	0x73, 0x75, 0x6c, 0x74, 0x12, 0x38, 0x0a, 0x0e, 0x4f, 0x62, 0x74, 0x61, 0x69, 0x6e, 0x41, 0x63,
	0x6d, 0x65, 0x43, 0x65, 0x72, 0x74, 0x12, 0x15, 0x2e, 0x63, 0x6c, 0x69, 0x65, 0x6e, 0x74, 0x70,
	0x62, 0x2e, 0x41, 0x63, 0x6d, 0x65, 0x52, 0x65, 0x71, 0x75, 0x65, 0x73, 0x74, 0x1a, 0x0f, 0x2e,
	0x63, 0x6c, 0x69, 0x65, 0x6e, 0x74, 0x70, 0x62, 0x2e, 0x45, 0x6d, 0x70, 0x74, 0x79, 0x12, 0x32,
	0x0a, 0x0a, 0x50, 0x74, 0x79, 0x52, 0x65, 0x71, 0x75, 0x65, 0x73, 0x74, 0x12, 0x14, 0x2e, 0x6d,
	0x6f, 0x64, 0x75, 0x6c, 0x65, 0x70, 0x62, 0x2e, 0x50, 0x74, 0x79, 0x52, 0x65, 0x71, 0x75, 0x65,
	0x73, 0x74, 0x1a, 0x0e, 0x2e, 0x63, 0x6c, 0x69, 0x65, 0x6e, 0x74, 0x70, 0x62, 0x2e, 0x54, 0x61,
	0x73, 0x6b, 0x12, 0x34, 0x0a, 0x0b, 0x47, 0x65, 0x74, 0x43, 0x6f, 0x6e, 0x74, 0x65, 0x78, 0x74,
	0x73, 0x12, 0x11, 0x2e, 0x63, 0x6c, 0x69, 0x65, 0x6e, 0x74, 0x70, 0x62, 0x2e, 0x43, 0x6f, 0x6e,
	0x74, 0x65, 0x78, 0x74, 0x1a, 0x12, 0x2e, 0x63, 0x6c, 0x69, 0x65, 0x6e, 0x74, 0x70, 0x62, 0x2e,
	0x43, 0x6f, 0x6e, 0x74, 0x65, 0x78, 0x74, 0x73, 0x12, 0x30, 0x0a, 0x0a, 0x41, 0x64, 0x64, 0x43,
	0x6f, 0x6e, 0x74, 0x65, 0x78, 0x74, 0x12, 0x11, 0x2e, 0x63, 0x6c, 0x69, 0x65, 0x6e, 0x74, 0x70,
	0x62, 0x2e, 0x43, 0x6f, 0x6e, 0x74, 0x65, 0x78, 0x74, 0x1a, 0x0f, 0x2e, 0x63, 0x6c, 0x69, 0x65,
	0x6e, 0x74, 0x70, 0x62, 0x2e, 0x45, 0x6d, 0x70, 0x74, 0x79, 0x12, 0x33, 0x0a, 0x0d, 0x41, 0x64,
	0x64, 0x53, 0x63, 0x72, 0x65, 0x65, 0x6e, 0x53, 0x68, 0x6f, 0x74, 0x12, 0x11, 0x2e, 0x63, 0x6c,
	0x69, 0x65, 0x6e, 0x74, 0x70, 0x62, 0x2e, 0x43, 0x6f, 0x6e, 0x74, 0x65, 0x78, 0x74, 0x1a, 0x0f,
	0x2e, 0x63, 0x6c, 0x69, 0x65, 0x6e, 0x74, 0x70, 0x62, 0x2e, 0x45, 0x6d, 0x70, 0x74, 0x79, 0x12,
	0x33, 0x0a, 0x0d, 0x41, 0x64, 0x64, 0x43, 0x72, 0x65, 0x64, 0x65, 0x6e, 0x74, 0x69, 0x61, 0x6c,
	0x12, 0x11, 0x2e, 0x63, 0x6c, 0x69, 0x65, 0x6e, 0x74, 0x70, 0x62, 0x2e, 0x43, 0x6f, 0x6e, 0x74,
	0x65, 0x78, 0x74, 0x1a, 0x0f, 0x2e, 0x63, 0x6c, 0x69, 0x65, 0x6e, 0x74, 0x70, 0x62, 0x2e, 0x45,
	0x6d, 0x70, 0x74, 0x79, 0x12, 0x32, 0x0a, 0x0c, 0x41, 0x64, 0x64, 0x4b, 0x65, 0x79, 0x6c, 0x6f,
	0x67, 0x67, 0x65, 0x72, 0x12, 0x11, 0x2e, 0x63, 0x6c, 0x69, 0x65, 0x6e, 0x74, 0x70, 0x62, 0x2e,
	0x43, 0x6f, 0x6e, 0x74, 0x65, 0x78, 0x74, 0x1a, 0x0f, 0x2e, 0x63, 0x6c, 0x69, 0x65, 0x6e, 0x74,
	0x70, 0x62, 0x2e, 0x45, 0x6d, 0x70, 0x74, 0x79, 0x12, 0x2d, 0x0a, 0x07, 0x41, 0x64, 0x64, 0x50,
	0x6f, 0x72, 0x74, 0x12, 0x11, 0x2e, 0x63, 0x6c, 0x69, 0x65, 0x6e, 0x74, 0x70, 0x62, 0x2e, 0x43,
	0x6f, 0x6e, 0x74, 0x65, 0x78, 0x74, 0x1a, 0x0f, 0x2e, 0x63, 0x6c, 0x69, 0x65, 0x6e, 0x74, 0x70,
	0x62, 0x2e, 0x45, 0x6d, 0x70, 0x74, 0x79, 0x12, 0x2f, 0x0a, 0x09, 0x41, 0x64, 0x64, 0x55, 0x70,
	0x6c, 0x6f, 0x61, 0x64, 0x12, 0x11, 0x2e, 0x63, 0x6c, 0x69, 0x65, 0x6e, 0x74, 0x70, 0x62, 0x2e,
	0x43, 0x6f, 0x6e, 0x74, 0x65, 0x78, 0x74, 0x1a, 0x0f, 0x2e, 0x63, 0x6c, 0x69, 0x65, 0x6e, 0x74,
	0x70, 0x62, 0x2e, 0x45, 0x6d, 0x70, 0x74, 0x79, 0x12, 0x31, 0x0a, 0x0b, 0x41, 0x64, 0x64, 0x44,
	0x6f, 0x77, 0x6e, 0x6c, 0x6f, 0x61, 0x64, 0x12, 0x11, 0x2e, 0x63, 0x6c, 0x69, 0x65, 0x6e, 0x74,
	0x70, 0x62, 0x2e, 0x43, 0x6f, 0x6e, 0x74, 0x65, 0x78, 0x74, 0x1a, 0x0f, 0x2e, 0x63, 0x6c, 0x69,
	0x65, 0x6e, 0x74, 0x70, 0x62, 0x2e, 0x45, 0x6d, 0x70, 0x74, 0x79, 0x12, 0x33, 0x0a, 0x0d, 0x44,
	0x65, 0x6c, 0x65, 0x74, 0x65, 0x43, 0x6f, 0x6e, 0x74, 0x65, 0x78, 0x74, 0x12, 0x11, 0x2e, 0x63,
	0x6c, 0x69, 0x65, 0x6e, 0x74, 0x70, 0x62, 0x2e, 0x43, 0x6f, 0x6e, 0x74, 0x65, 0x78, 0x74, 0x1a,
	0x0f, 0x2e, 0x63, 0x6c, 0x69, 0x65, 0x6e, 0x74, 0x70, 0x62, 0x2e, 0x45, 0x6d, 0x70, 0x74, 0x79,
	0x12, 0x42, 0x0a, 0x0d, 0x43, 0x72, 0x65, 0x61, 0x74, 0x65, 0x50, 0x72, 0x6f, 0x6a, 0x65, 0x63,
	0x74, 0x12, 0x1e, 0x2e, 0x63, 0x6c, 0x69, 0x65, 0x6e, 0x74, 0x70, 0x62, 0x2e, 0x43, 0x72, 0x65,
	0x61, 0x74, 0x65, 0x50, 0x72, 0x6f, 0x6a, 0x65, 0x63, 0x74, 0x52, 0x65, 0x71, 0x75, 0x65, 0x73,
	0x74, 0x1a, 0x11, 0x2e, 0x63, 0x6c, 0x69, 0x65, 0x6e, 0x74, 0x70, 0x62, 0x2e, 0x50, 0x72, 0x6f,
	0x6a, 0x65, 0x63, 0x74, 0x12, 0x32, 0x0a, 0x0a, 0x47, 0x65, 0x74, 0x50, 0x72, 0x6f, 0x6a, 0x65,
	0x63, 0x74, 0x12, 0x11, 0x2e, 0x63, 0x6c, 0x69, 0x65, 0x6e, 0x74, 0x70, 0x62, 0x2e, 0x50, 0x72,
	0x6f, 0x6a, 0x65, 0x63, 0x74, 0x1a, 0x11, 0x2e, 0x63, 0x6c, 0x69, 0x65, 0x6e, 0x74, 0x70, 0x62,
	0x2e, 0x50, 0x72, 0x6f, 0x6a, 0x65, 0x63, 0x74, 0x12, 0x33, 0x0a, 0x0c, 0x4c, 0x69, 0x73, 0x74,
	0x50, 0x72, 0x6f, 0x6a, 0x65, 0x63, 0x74, 0x73, 0x12, 0x0f, 0x2e, 0x63, 0x6c, 0x69, 0x65, 0x6e,
	0x74, 0x70, 0x62, 0x2e, 0x45, 0x6d, 0x70, 0x74, 0x79, 0x1a, 0x12, 0x2e, 0x63, 0x6c, 0x69, 0x65,
	0x6e, 0x74, 0x70, 0x62, 0x2e, 0x50, 0x72, 0x6f, 0x6a, 0x65, 0x63, 0x74, 0x73, 0x12, 0x42, 0x0a,
	0x0d, 0x55, 0x70, 0x64, 0x61, 0x74, 0x65, 0x50, 0x72, 0x6f, 0x6a, 0x65, 0x63, 0x74, 0x12, 0x1e,
	0x2e, 0x63, 0x6c, 0x69, 0x65, 0x6e, 0x74, 0x70, 0x62, 0x2e, 0x55, 0x70, 0x64, 0x61, 0x74, 0x65,
	0x50, 0x72, 0x6f, 0x6a, 0x65, 0x63, 0x74, 0x52, 0x65, 0x71, 0x75, 0x65, 0x73, 0x74, 0x1a, 0x11,
	0x2e, 0x63, 0x6c, 0x69, 0x65, 0x6e, 0x74, 0x70, 0x62, 0x2e, 0x50, 0x72, 0x6f, 0x6a, 0x65, 0x63,
	0x74, 0x12, 0x40, 0x0a, 0x0d, 0x44, 0x65, 0x6c, 0x65, 0x74, 0x65, 0x50, 0x72, 0x6f, 0x6a, 0x65,
	0x63, 0x74, 0x12, 0x1e, 0x2e, 0x63, 0x6c, 0x69, 0x65, 0x6e, 0x74, 0x70, 0x62, 0x2e, 0x44, 0x65,
	0x6c, 0x65, 0x74, 0x65, 0x50, 0x72, 0x6f, 0x6a, 0x65, 0x63, 0x74, 0x52, 0x65, 0x71, 0x75, 0x65,
	0x73, 0x74, 0x1a, 0x0f, 0x2e, 0x63, 0x6c, 0x69, 0x65, 0x6e, 0x74, 0x70, 0x62, 0x2e, 0x45, 0x6d,
	0x70, 0x74, 0x79, 0x12, 0x42, 0x0a, 0x08, 0x45, 0x76, 0x65, 0x6e, 0x74, 0x73, 0x56, 0x32, 0x12,
	0x1b, 0x2e, 0x63, 0x6c, 0x69, 0x65, 0x6e, 0x74, 0x70, 0x62, 0x2e, 0x45, 0x76, 0x65, 0x6e, 0x74,
	0x53, 0x75, 0x62, 0x73, 0x63, 0x72, 0x69, 0x70, 0x74, 0x69, 0x6f, 0x6e, 0x1a, 0x17, 0x2e, 0x63,
	0x6c, 0x69, 0x65, 0x6e, 0x74, 0x70, 0x62, 0x2e, 0x45, 0x76, 0x65, 0x6e, 0x74, 0x45, 0x6e, 0x76,
	0x65, 0x6c, 0x6f, 0x70, 0x65, 0x30, 0x01, 0x12, 0x48, 0x0a, 0x10, 0x4c, 0x69, 0x73, 0x74, 0x53,
	0x65, 0x73, 0x73, 0x69, 0x6f, 0x6e, 0x4c, 0x69, 0x6e, 0x6b, 0x73, 0x12, 0x1c, 0x2e, 0x63, 0x6c,
	0x69, 0x65, 0x6e, 0x74, 0x70, 0x62, 0x2e, 0x53, 0x65, 0x73, 0x73, 0x69, 0x6f, 0x6e, 0x4c, 0x69,
	0x6e, 0x6b, 0x52, 0x65, 0x71, 0x75, 0x65, 0x73, 0x74, 0x1a, 0x16, 0x2e, 0x63, 0x6c, 0x69, 0x65,
	0x6e, 0x74, 0x70, 0x62, 0x2e, 0x53, 0x65, 0x73, 0x73, 0x69, 0x6f, 0x6e, 0x4c, 0x69, 0x6e, 0x6b,
	0x73, 0x12, 0x45, 0x0a, 0x0e, 0x53, 0x65, 0x74, 0x53, 0x65, 0x73, 0x73, 0x69, 0x6f, 0x6e, 0x4c,
	0x69, 0x6e, 0x6b, 0x12, 0x1c, 0x2e, 0x63, 0x6c, 0x69, 0x65, 0x6e, 0x74, 0x70, 0x62, 0x2e, 0x53,
	0x65, 0x73, 0x73, 0x69, 0x6f, 0x6e, 0x4c, 0x69, 0x6e, 0x6b, 0x52, 0x65, 0x71, 0x75, 0x65, 0x73,
	0x74, 0x1a, 0x15, 0x2e, 0x63, 0x6c, 0x69, 0x65, 0x6e, 0x74, 0x70, 0x62, 0x2e, 0x53, 0x65, 0x73,
	0x73, 0x69, 0x6f, 0x6e, 0x4c, 0x69, 0x6e, 0x6b, 0x12, 0x42, 0x0a, 0x11, 0x52, 0x65, 0x6d, 0x6f,
	0x76, 0x65, 0x53, 0x65, 0x73, 0x73, 0x69, 0x6f, 0x6e, 0x4c, 0x69, 0x6e, 0x6b, 0x12, 0x1c, 0x2e,
	0x63, 0x6c, 0x69, 0x65, 0x6e, 0x74, 0x70, 0x62, 0x2e, 0x53, 0x65, 0x73, 0x73, 0x69, 0x6f, 0x6e,
	0x4c, 0x69, 0x6e, 0x6b, 0x52, 0x65, 0x71, 0x75, 0x65, 0x73, 0x74, 0x1a, 0x0f, 0x2e, 0x63, 0x6c,
	0x69, 0x65, 0x6e, 0x74, 0x70, 0x62, 0x2e, 0x45, 0x6d, 0x70, 0x74, 0x79, 0x32, 0xc3, 0x02, 0x0a,
	0x07, 0x52, 0x6f, 0x6f, 0x74, 0x52, 0x50, 0x43, 0x12, 0x2f, 0x0a, 0x09, 0x41, 0x64, 0x64, 0x43,
	0x6c, 0x69, 0x65, 0x6e, 0x74, 0x12, 0x10, 0x2e, 0x72, 0x6f, 0x6f, 0x74, 0x70, 0x62, 0x2e, 0x4f,
	0x70, 0x65, 0x72, 0x61, 0x74, 0x6f, 0x72, 0x1a, 0x10, 0x2e, 0x72, 0x6f, 0x6f, 0x74, 0x70, 0x62,
	0x2e, 0x52, 0x65, 0x73, 0x70, 0x6f, 0x6e, 0x73, 0x65, 0x12, 0x32, 0x0a, 0x0c, 0x52, 0x65, 0x6d,
	0x6f, 0x76, 0x65, 0x43, 0x6c, 0x69, 0x65, 0x6e, 0x74, 0x12, 0x10, 0x2e, 0x72, 0x6f, 0x6f, 0x74,
	0x70, 0x62, 0x2e, 0x4f, 0x70, 0x65, 0x72, 0x61, 0x74, 0x6f, 0x72, 0x1a, 0x10, 0x2e, 0x72, 0x6f,
	0x6f, 0x74, 0x70, 0x62, 0x2e, 0x52, 0x65, 0x73, 0x70, 0x6f, 0x6e, 0x73, 0x65, 0x12, 0x32, 0x0a,
	0x0b, 0x4c, 0x69, 0x73, 0x74, 0x43, 0x6c, 0x69, 0x65, 0x6e, 0x74, 0x73, 0x12, 0x10, 0x2e, 0x72,
	0x6f, 0x6f, 0x74, 0x70, 0x62, 0x2e, 0x4f, 0x70, 0x65, 0x72, 0x61, 0x74, 0x6f, 0x72, 0x1a, 0x11,
	0x2e, 0x63, 0x6c, 0x69, 0x65, 0x6e, 0x74, 0x70, 0x62, 0x2e, 0x43, 0x6c, 0x69, 0x65, 0x6e, 0x74,
	0x73, 0x12, 0x31, 0x0a, 0x0b, 0x41, 0x64, 0x64, 0x4c, 0x69, 0x73, 0x74, 0x65, 0x6e, 0x65, 0x72,
	0x12, 0x10, 0x2e, 0x72, 0x6f, 0x6f, 0x74, 0x70, 0x62, 0x2e, 0x4f, 0x70, 0x65, 0x72, 0x61, 0x74,
	0x6f, 0x72, 0x1a, 0x10, 0x2e, 0x72, 0x6f, 0x6f, 0x74, 0x70, 0x62, 0x2e, 0x52, 0x65, 0x73, 0x70,
	0x6f, 0x6e, 0x73, 0x65, 0x12, 0x34, 0x0a, 0x0e, 0x52, 0x65, 0x6d, 0x6f, 0x76, 0x65, 0x4c, 0x69,
	0x73, 0x74, 0x65, 0x6e, 0x65, 0x72, 0x12, 0x10, 0x2e, 0x72, 0x6f, 0x6f, 0x74, 0x70, 0x62, 0x2e,
	0x4f, 0x70, 0x65, 0x72, 0x61, 0x74, 0x6f, 0x72, 0x1a, 0x10, 0x2e, 0x72, 0x6f, 0x6f, 0x74, 0x70,
	0x62, 0x2e, 0x52, 0x65, 0x73, 0x70, 0x6f, 0x6e, 0x73, 0x65, 0x12, 0x36, 0x0a, 0x0d, 0x4c, 0x69,
	0x73, 0x74, 0x4c, 0x69, 0x73, 0x74, 0x65, 0x6e, 0x65, 0x72, 0x73, 0x12, 0x10, 0x2e, 0x72, 0x6f,
	0x6f, 0x74, 0x70, 0x62, 0x2e, 0x4f, 0x70, 0x65, 0x72, 0x61, 0x74, 0x6f, 0x72, 0x1a, 0x13, 0x2e,
	0x63, 0x6c, 0x69, 0x65, 0x6e, 0x74, 0x70, 0x62, 0x2e, 0x4c, 0x69, 0x73, 0x74, 0x65, 0x6e, 0x65,
	0x72, 0x73, 0x42, 0x3a, 0x5a, 0x38, 0x67, 0x69, 0x74, 0x68, 0x75, 0x62, 0x2e, 0x63, 0x6f, 0x6d,
	0x2f, 0x63, 0x68, 0x61, 0x69, 0x6e, 0x72, 0x65, 0x61, 0x63, 0x74, 0x6f, 0x72, 0x73, 0x2f, 0x49,
	0x6f, 0x4d, 0x2d, 0x67, 0x6f, 0x2f, 0x70, 0x72, 0x6f, 0x74, 0x6f, 0x2f, 0x73, 0x65, 0x72, 0x76,
	0x69, 0x63, 0x65, 0x73, 0x2f, 0x63, 0x6c, 0x69, 0x65, 0x6e, 0x74, 0x72, 0x70, 0x63, 0x62, 0x06,
	0x70, 0x72, 0x6f, 0x74, 0x6f, 0x33,
}

var file_services_clientrpc_service_proto_goTypes = []any{
	(*clientpb.LoginReq)(nil),                // 0: clientpb.LoginReq
	(*clientpb.Empty)(nil),                   // 1: clientpb.Empty
	(*clientpb.SessionRequest)(nil),          // 2: clientpb.SessionRequest
	(*clientpb.Int)(nil),                     // 3: clientpb.Int
	(*clientpb.BasicUpdateSession)(nil),      // 4: clientpb.BasicUpdateSession
	(*clientpb.ForwardListenerConnect)(nil),  // 5: clientpb.ForwardListenerConnect
	(*clientpb.Listener)(nil),                // 6: clientpb.Listener
	(*clientpb.ListenerRetire)(nil),          // 7: clientpb.ListenerRetire
	(*clientpb.TaskRequest)(nil),             // 8: clientpb.TaskRequest
	(*clientpb.TaskQuery)(nil),               // 9: clientpb.TaskQuery
	(*clientpb.Task)(nil),                    // 10: clientpb.Task
	(*clientpb.Session)(nil),                 // 11: clientpb.Session
	(*clientpb.Event)(nil),                   // 12: clientpb.Event
	(*clientpb.On)(nil),                      // 13: clientpb.On
	(*implantpb.Ping)(nil),                   // 14: modulepb.Ping
	(*implantpb.Timer)(nil),                  // 15: modulepb.Timer
	(*implantpb.CommonBody)(nil),             // 16: modulepb.CommonBody
	(*implantpb.Request)(nil),                // 17: modulepb.Request
	(*implantpb.LoadModule)(nil),             // 18: modulepb.LoadModule
	(*implantpb.ExecuteModuleRequest)(nil),   // 19: implantpb.ExecuteModuleRequest
	(*implantpb.BridgeAgentRequest)(nil),     // 20: modulepb.BridgeAgentRequest
	(*implantpb.LoadAddon)(nil),              // 21: modulepb.LoadAddon
	(*implantpb.ExecuteAddon)(nil),           // 22: modulepb.ExecuteAddon
	(*implantpb.TaskCtrl)(nil),               // 23: modulepb.TaskCtrl
	(*implantpb.Switch)(nil),                 // 24: modulepb.Switch
	(*clientpb.Polling)(nil),                 // 25: clientpb.Polling
	(*implantpb.UploadRequest)(nil),          // 26: modulepb.UploadRequest
	(*clientpb.UploadChunkRequest)(nil),      // 27: clientpb.UploadChunkRequest
	(*implantpb.DownloadRequest)(nil),        // 28: modulepb.DownloadRequest
	(*clientpb.Sync)(nil),                    // 29: clientpb.Sync
	(*implantpb.ChownRequest)(nil),           // 30: modulepb.ChownRequest
	(*implantpb.CurlRequest)(nil),            // 31: modulepb.CurlRequest
	(*implantpb.BypassRequest)(nil),          // 32: modulepb.BypassRequest
	(*implantpb.RegistryRequest)(nil),        // 33: modulepb.RegistryRequest
	(*implantpb.RegistryWriteRequest)(nil),   // 34: modulepb.RegistryWriteRequest
	(*implantpb.ServiceRequest)(nil),         // 35: modulepb.ServiceRequest
	(*implantpb.TaskScheduleRequest)(nil),    // 36: modulepb.TaskScheduleRequest
	(*implantpb.WmiQueryRequest)(nil),        // 37: modulepb.WmiQueryRequest
	(*implantpb.WmiMethodRequest)(nil),       // 38: modulepb.WmiMethodRequest
	(*implantpb.RunAsRequest)(nil),           // 39: modulepb.RunAsRequest
	(*implantpb.PipeRequest)(nil),            // 40: modulepb.PipeRequest
	(*implantpb.ExecRequest)(nil),            // 41: modulepb.ExecRequest
	(*implantpb.ExecuteBinary)(nil),          // 42: modulepb.ExecuteBinary
	(*implantpb.TunnelCtrl)(nil),             // 43: modulepb.TunnelCtrl
	(*implantpb.TunnelOpen)(nil),             // 44: modulepb.TunnelOpen
	(*implantpb.TunnelData)(nil),             // 45: modulepb.TunnelData
	(*implantpb.TunnelClose)(nil),            // 46: modulepb.TunnelClose
	(*implantpb.FFmpegRequest)(nil),          // 47: modulepb.FFmpegRequest
	(*clientpb.EXE2Shellcode)(nil),           // 48: clientpb.EXE2Shellcode
	(*clientpb.DLL2Shellcode)(nil),           // 49: clientpb.DLL2Shellcode
	(*clientpb.ShellcodeEncode)(nil),         // 50: clientpb.ShellcodeEncode
	(*clientpb.MutantSrdiRequest)(nil),       // 51: clientpb.MutantSrdiRequest
	(*clientpb.MutantStripRequest)(nil),      // 52: clientpb.MutantStripRequest
	(*clientpb.MutantSigforgeRequest)(nil),   // 53: clientpb.MutantSigforgeRequest
	(*clientpb.MutantToolRequest)(nil),       // 54: clientpb.MutantToolRequest
	(*clientpb.Profile)(nil),                 // 55: clientpb.Profile
	(*clientpb.Artifact)(nil),                // 56: clientpb.Artifact
	(*clientpb.GithubActionBuildConfig)(nil), // 57: clientpb.GithubActionBuildConfig
	(*clientpb.SaasConfig)(nil),              // 58: clientpb.SaasConfig
	(*clientpb.Notify)(nil),                  // 59: clientpb.Notify
	(*clientpb.AcmeConfig)(nil),              // 60: clientpb.AcmeConfig
	(*clientpb.Cert)(nil),                    // 61: clientpb.Cert
	(*clientpb.TLS)(nil),                     // 62: clientpb.TLS
	(*clientpb.CertificateApplyRequest)(nil), // 63: clientpb.CertificateApplyRequest
	(*clientpb.AcmeRequest)(nil),             // 64: clientpb.AcmeRequest
	(*implantpb.PtyRequest)(nil),             // 65: modulepb.PtyRequest
	(*clientpb.Context)(nil),                 // 66: clientpb.Context
	(*clientpb.CreateProjectRequest)(nil),    // 67: clientpb.CreateProjectRequest
	(*clientpb.Project)(nil),                 // 68: clientpb.Project
	(*clientpb.UpdateProjectRequest)(nil),    // 69: clientpb.UpdateProjectRequest
	(*clientpb.DeleteProjectRequest)(nil),    // 70: clientpb.DeleteProjectRequest
	(*clientpb.EventSubscription)(nil),       // 71: clientpb.EventSubscription
	(*clientpb.SessionLinkRequest)(nil),      // 72: clientpb.SessionLinkRequest
	(*rootpb.Operator)(nil),                  // 73: rootpb.Operator
	(*clientpb.Client)(nil),                  // 74: clientpb.Client
	(*clientpb.Basic)(nil),                   // 75: clientpb.Basic
	(*clientpb.Clients)(nil),                 // 76: clientpb.Clients
	(*clientpb.Sessions)(nil),                // 77: clientpb.Sessions
	(*clientpb.SessionCount)(nil),            // 78: clientpb.SessionCount
	(*clientpb.TasksContext)(nil),            // 79: clientpb.TasksContext
	(*clientpb.Listeners)(nil),               // 80: clientpb.Listeners
	(*clientpb.ForwardListenerStatus)(nil),   // 81: clientpb.ForwardListenerStatus
	(*clientpb.ForwardListenerStatuses)(nil), // 82: clientpb.ForwardListenerStatuses
	(*clientpb.Jobs)(nil),                    // 83: clientpb.Jobs
	(*clientpb.Audits)(nil),                  // 84: clientpb.Audits
	(*clientpb.Tasks)(nil),                   // 85: clientpb.Tasks
	(*clientpb.TaskDetails)(nil),             // 86: clientpb.TaskDetails
	(*clientpb.TaskContext)(nil),             // 87: clientpb.TaskContext
	(*clientpb.Files)(nil),                   // 88: clientpb.Files
	(*clientpb.TaskContexts)(nil),            // 89: clientpb.TaskContexts
	(*clientpb.Events)(nil),                  // 90: clientpb.Events
	(*clientpb.PollingState)(nil),            // 91: clientpb.PollingState
	(*clientpb.UploadChunkResponse)(nil),     // 92: clientpb.UploadChunkResponse
	(*clientpb.ContextChunk)(nil),            // 93: clientpb.ContextChunk
	(*clientpb.Bin)(nil),                     // 94: clientpb.Bin
	(*clientpb.MutantToolResponse)(nil),      // 95: clientpb.MutantToolResponse
	(*clientpb.Pipelines)(nil),               // 96: clientpb.Pipelines
	(*clientpb.Profiles)(nil),                // 97: clientpb.Profiles
	(*clientpb.Artifacts)(nil),               // 98: clientpb.Artifacts
	(*clientpb.ArtifactChunk)(nil),           // 99: clientpb.ArtifactChunk
	(*clientpb.LicenseInfo)(nil),             // 100: clientpb.LicenseInfo
	(*clientpb.Certs)(nil),                   // 101: clientpb.Certs
	(*clientpb.CertificateApplyResult)(nil),  // 102: clientpb.CertificateApplyResult
	(*clientpb.Contexts)(nil),                // 103: clientpb.Contexts
	(*clientpb.Projects)(nil),                // 104: clientpb.Projects
	(*clientpb.EventEnvelope)(nil),           // 105: clientpb.EventEnvelope
	(*clientpb.SessionLinks)(nil),            // 106: clientpb.SessionLinks
	(*clientpb.SessionLink)(nil),             // 107: clientpb.SessionLink
	(*rootpb.Response)(nil),                  // 108: rootpb.Response
}
var file_services_clientrpc_service_proto_depIdxs = []int32{
	0,   // 0: clientrpc.MaliceRPC.LoginClient:input_type -> clientpb.LoginReq
	1,   // 1: clientrpc.MaliceRPC.GetBasic:input_type -> clientpb.Empty
	1,   // 2: clientrpc.MaliceRPC.GetClients:input_type -> clientpb.Empty
	2,   // 3: clientrpc.MaliceRPC.GetSessions:input_type -> clientpb.SessionRequest
	2,   // 4: clientrpc.MaliceRPC.GetSession:input_type -> clientpb.SessionRequest
	1,   // 5: clientrpc.MaliceRPC.GetSessionCount:input_type -> clientpb.Empty
	3,   // 6: clientrpc.MaliceRPC.GetSessionHistory:input_type -> clientpb.Int
	4,   // 7: clientrpc.MaliceRPC.SessionManage:input_type -> clientpb.BasicUpdateSession
	1,   // 8: clientrpc.MaliceRPC.GetListeners:input_type -> clientpb.Empty
	5,   // 9: clientrpc.MaliceRPC.ConnectForwardListener:input_type -> clientpb.ForwardListenerConnect
	6,   // 10: clientrpc.MaliceRPC.DisconnectForwardListener:input_type -> clientpb.Listener
	6,   // 11: clientrpc.MaliceRPC.GetForwardListenerStatus:input_type -> clientpb.Listener
	1,   // 12: clientrpc.MaliceRPC.ListForwardListeners:input_type -> clientpb.Empty
	7,   // 13: clientrpc.MaliceRPC.RetireListener:input_type -> clientpb.ListenerRetire
	1,   // 14: clientrpc.MaliceRPC.GetJobs:input_type -> clientpb.Empty
	2,   // 15: clientrpc.MaliceRPC.GetAudit:input_type -> clientpb.SessionRequest
	8,   // 16: clientrpc.MaliceRPC.GetTasks:input_type -> clientpb.TaskRequest
	9,   // 17: clientrpc.MaliceRPC.QueryTasks:input_type -> clientpb.TaskQuery
	10,  // 18: clientrpc.MaliceRPC.GetTaskContent:input_type -> clientpb.Task
	11,  // 19: clientrpc.MaliceRPC.GetContextFiles:input_type -> clientpb.Session
	10,  // 20: clientrpc.MaliceRPC.WaitTaskContent:input_type -> clientpb.Task
	10,  // 21: clientrpc.MaliceRPC.WaitTaskFinish:input_type -> clientpb.Task
	10,  // 22: clientrpc.MaliceRPC.GetAllTaskContent:input_type -> clientpb.Task
	11,  // 23: clientrpc.MaliceRPC.GetFiles:input_type -> clientpb.Session
	1,   // 24: clientrpc.MaliceRPC.Events:input_type -> clientpb.Empty
	12,  // 25: clientrpc.MaliceRPC.Broadcast:input_type -> clientpb.Event
	12,  // 26: clientrpc.MaliceRPC.Notify:input_type -> clientpb.Event
	3,   // 27: clientrpc.MaliceRPC.GetEvent:input_type -> clientpb.Int
	12,  // 28: clientrpc.MaliceRPC.SessionEvent:input_type -> clientpb.Event
	13,  // 29: clientrpc.MaliceRPC.OnHook:input_type -> clientpb.On
	14,  // 30: clientrpc.MaliceRPC.Ping:input_type -> modulepb.Ping
	15,  // 31: clientrpc.MaliceRPC.Sleep:input_type -> modulepb.Timer
	16,  // 32: clientrpc.MaliceRPC.Keepalive:input_type -> modulepb.CommonBody
	17,  // 33: clientrpc.MaliceRPC.Suicide:input_type -> modulepb.Request
	17,  // 34: clientrpc.MaliceRPC.ListModule:input_type -> modulepb.Request
	18,  // 35: clientrpc.MaliceRPC.LoadModule:input_type -> modulepb.LoadModule
	17,  // 36: clientrpc.MaliceRPC.UnloadModule:input_type -> modulepb.Request
	17,  // 37: clientrpc.MaliceRPC.RefreshModule:input_type -> modulepb.Request
	19,  // 38: clientrpc.MaliceRPC.ExecuteModule:input_type -> implantpb.ExecuteModuleRequest
	20,  // 39: clientrpc.MaliceRPC.BridgeAgentChat:input_type -> modulepb.BridgeAgentRequest
	17,  // 40: clientrpc.MaliceRPC.ListAddon:input_type -> modulepb.Request
	21,  // 41: clientrpc.MaliceRPC.LoadAddon:input_type -> modulepb.LoadAddon
	22,  // 42: clientrpc.MaliceRPC.ExecuteAddon:input_type -> modulepb.ExecuteAddon
	17,  // 43: clientrpc.MaliceRPC.Clear:input_type -> modulepb.Request
	17,  // 44: clientrpc.MaliceRPC.ListTasks:input_type -> modulepb.Request
	23,  // 45: clientrpc.MaliceRPC.QueryTask:input_type -> modulepb.TaskCtrl
	23,  // 46: clientrpc.MaliceRPC.CancelTask:input_type -> modulepb.TaskCtrl
	24,  // 47: clientrpc.MaliceRPC.Switch:input_type -> modulepb.Switch
	25,  // 48: clientrpc.MaliceRPC.Polling:input_type -> clientpb.Polling
	25,  // 49: clientrpc.MaliceRPC.StopPolling:input_type -> clientpb.Polling
	25,  // 50: clientrpc.MaliceRPC.PollingStatus:input_type -> clientpb.Polling
	26,  // 51: clientrpc.MaliceRPC.Upload:input_type -> modulepb.UploadRequest
	27,  // 52: clientrpc.MaliceRPC.UploadChunk:input_type -> clientpb.UploadChunkRequest
	28,  // 53: clientrpc.MaliceRPC.Download:input_type -> modulepb.DownloadRequest
	28,  // 54: clientrpc.MaliceRPC.DownloadDir:input_type -> modulepb.DownloadRequest
	29,  // 55: clientrpc.MaliceRPC.Sync:input_type -> clientpb.Sync
	29,  // 56: clientrpc.MaliceRPC.SyncStream:input_type -> clientpb.Sync
	17,  // 57: clientrpc.MaliceRPC.Pwd:input_type -> modulepb.Request
	17,  // 58: clientrpc.MaliceRPC.Ls:input_type -> modulepb.Request
	17,  // 59: clientrpc.MaliceRPC.Cd:input_type -> modulepb.Request
	17,  // 60: clientrpc.MaliceRPC.Rm:input_type -> modulepb.Request
	17,  // 61: clientrpc.MaliceRPC.Mv:input_type -> modulepb.Request
	17,  // 62: clientrpc.MaliceRPC.Cp:input_type -> modulepb.Request
	17,  // 63: clientrpc.MaliceRPC.Cat:input_type -> modulepb.Request
	17,  // 64: clientrpc.MaliceRPC.Mkdir:input_type -> modulepb.Request
	17,  // 65: clientrpc.MaliceRPC.Touch:input_type -> modulepb.Request
	17,  // 66: clientrpc.MaliceRPC.Chmod:input_type -> modulepb.Request
	30,  // 67: clientrpc.MaliceRPC.Chown:input_type -> modulepb.ChownRequest
	17,  // 68: clientrpc.MaliceRPC.EnumDrivers:input_type -> modulepb.Request
	17,  // 69: clientrpc.MaliceRPC.Kill:input_type -> modulepb.Request
	17,  // 70: clientrpc.MaliceRPC.Ps:input_type -> modulepb.Request
	17,  // 71: clientrpc.MaliceRPC.Netstat:input_type -> modulepb.Request
	31,  // 72: clientrpc.MaliceRPC.Curl:input_type -> modulepb.CurlRequest
	17,  // 73: clientrpc.MaliceRPC.Env:input_type -> modulepb.Request
	17,  // 74: clientrpc.MaliceRPC.SetEnv:input_type -> modulepb.Request
	17,  // 75: clientrpc.MaliceRPC.UnsetEnv:input_type -> modulepb.Request
	17,  // 76: clientrpc.MaliceRPC.Whoami:input_type -> modulepb.Request
	17,  // 77: clientrpc.MaliceRPC.Info:input_type -> modulepb.Request
	32,  // 78: clientrpc.MaliceRPC.Bypass:input_type -> modulepb.BypassRequest
	33,  // 79: clientrpc.MaliceRPC.RegQuery:input_type -> modulepb.RegistryRequest
	34,  // 80: clientrpc.MaliceRPC.RegAdd:input_type -> modulepb.RegistryWriteRequest
	33,  // 81: clientrpc.MaliceRPC.RegDelete:input_type -> modulepb.RegistryRequest
	33,  // 82: clientrpc.MaliceRPC.RegListKey:input_type -> modulepb.RegistryRequest
	33,  // 83: clientrpc.MaliceRPC.RegListValue:input_type -> modulepb.RegistryRequest
	17,  // 84: clientrpc.MaliceRPC.ServiceList:input_type -> modulepb.Request
	35,  // 85: clientrpc.MaliceRPC.ServiceCreate:input_type -> modulepb.ServiceRequest
	35,  // 86: clientrpc.MaliceRPC.ServiceStart:input_type -> modulepb.ServiceRequest
	35,  // 87: clientrpc.MaliceRPC.ServiceStop:input_type -> modulepb.ServiceRequest
	35,  // 88: clientrpc.MaliceRPC.ServiceQuery:input_type -> modulepb.ServiceRequest
	35,  // 89: clientrpc.MaliceRPC.ServiceDelete:input_type -> modulepb.ServiceRequest
	17,  // 90: clientrpc.MaliceRPC.TaskSchdList:input_type -> modulepb.Request
	36,  // 91: clientrpc.MaliceRPC.TaskSchdCreate:input_type -> modulepb.TaskScheduleRequest
	36,  // 92: clientrpc.MaliceRPC.TaskSchdStart:input_type -> modulepb.TaskScheduleRequest
	36,  // 93: clientrpc.MaliceRPC.TaskSchdStop:input_type -> modulepb.TaskScheduleRequest
	36,  // 94: clientrpc.MaliceRPC.TaskSchdDelete:input_type -> modulepb.TaskScheduleRequest
	36,  // 95: clientrpc.MaliceRPC.TaskSchdQuery:input_type -> modulepb.TaskScheduleRequest
	36,  // 96: clientrpc.MaliceRPC.TaskSchdRun:input_type -> modulepb.TaskScheduleRequest
	37,  // 97: clientrpc.MaliceRPC.WmiQuery:input_type -> modulepb.WmiQueryRequest
	38,  // 98: clientrpc.MaliceRPC.WmiExecute:input_type -> modulepb.WmiMethodRequest
	39,  // 99: clientrpc.MaliceRPC.Runas:input_type -> modulepb.RunAsRequest
	17,  // 100: clientrpc.MaliceRPC.Privs:input_type -> modulepb.Request
	17,  // 101: clientrpc.MaliceRPC.Rev2Self:input_type -> modulepb.Request
	17,  // 102: clientrpc.MaliceRPC.GetSystem:input_type -> modulepb.Request
	40,  // 103: clientrpc.MaliceRPC.PipeUpload:input_type -> modulepb.PipeRequest
	40,  // 104: clientrpc.MaliceRPC.PipeRead:input_type -> modulepb.PipeRequest
	40,  // 105: clientrpc.MaliceRPC.PipeClose:input_type -> modulepb.PipeRequest
	40,  // 106: clientrpc.MaliceRPC.PipeServer:input_type -> modulepb.PipeRequest
	41,  // 107: clientrpc.MaliceRPC.Execute:input_type -> modulepb.ExecRequest
	42,  // 108: clientrpc.MaliceRPC.ExecuteSpawn:input_type -> modulepb.ExecuteBinary
	42,  // 109: clientrpc.MaliceRPC.ExecuteAssembly:input_type -> modulepb.ExecuteBinary
	42,  // 110: clientrpc.MaliceRPC.ExecutePowerpick:input_type -> modulepb.ExecuteBinary
	42,  // 111: clientrpc.MaliceRPC.ExecuteEXE:input_type -> modulepb.ExecuteBinary
	42,  // 112: clientrpc.MaliceRPC.ExecuteDLL:input_type -> modulepb.ExecuteBinary
	42,  // 113: clientrpc.MaliceRPC.ExecuteArmory:input_type -> modulepb.ExecuteBinary
	42,  // 114: clientrpc.MaliceRPC.ExecuteShellcode:input_type -> modulepb.ExecuteBinary
	42,  // 115: clientrpc.MaliceRPC.ExecuteBof:input_type -> modulepb.ExecuteBinary
	42,  // 116: clientrpc.MaliceRPC.ExecuteLocal:input_type -> modulepb.ExecuteBinary
	42,  // 117: clientrpc.MaliceRPC.InlineLocal:input_type -> modulepb.ExecuteBinary
	17,  // 118: clientrpc.MaliceRPC.RemDial:input_type -> modulepb.Request
	43,  // 119: clientrpc.MaliceRPC.TcpRelay:input_type -> modulepb.TunnelCtrl
	44,  // 120: clientrpc.MaliceRPC.TunnelOpen:input_type -> modulepb.TunnelOpen
	45,  // 121: clientrpc.MaliceRPC.TunnelData:input_type -> modulepb.TunnelData
	46,  // 122: clientrpc.MaliceRPC.TunnelClose:input_type -> modulepb.TunnelClose
	47,  // 123: clientrpc.MaliceRPC.FFmpeg:input_type -> modulepb.FFmpegRequest
	48,  // 124: clientrpc.MaliceRPC.EXE2Shellcode:input_type -> clientpb.EXE2Shellcode
	49,  // 125: clientrpc.MaliceRPC.DLL2Shellcode:input_type -> clientpb.DLL2Shellcode
	50,  // 126: clientrpc.MaliceRPC.ShellcodeEncode:input_type -> clientpb.ShellcodeEncode
	51,  // 127: clientrpc.MaliceRPC.MutantSrdi:input_type -> clientpb.MutantSrdiRequest
	52,  // 128: clientrpc.MaliceRPC.MutantStrip:input_type -> clientpb.MutantStripRequest
	53,  // 129: clientrpc.MaliceRPC.MutantSigforge:input_type -> clientpb.MutantSigforgeRequest
	54,  // 130: clientrpc.MaliceRPC.MutantTool:input_type -> clientpb.MutantToolRequest
	1,   // 131: clientrpc.MaliceRPC.ListJobs:input_type -> clientpb.Empty
	1,   // 132: clientrpc.MaliceRPC.GetProfiles:input_type -> clientpb.Empty
	55,  // 133: clientrpc.MaliceRPC.GetProfileByName:input_type -> clientpb.Profile
	55,  // 134: clientrpc.MaliceRPC.DeleteProfile:input_type -> clientpb.Profile
	55,  // 135: clientrpc.MaliceRPC.UpdateProfile:input_type -> clientpb.Profile
	1,   // 136: clientrpc.MaliceRPC.ListArtifact:input_type -> clientpb.Empty
	56,  // 137: clientrpc.MaliceRPC.DownloadArtifact:input_type -> clientpb.Artifact
	56,  // 138: clientrpc.MaliceRPC.DownloadArtifactStream:input_type -> clientpb.Artifact
	56,  // 139: clientrpc.MaliceRPC.UploadArtifact:input_type -> clientpb.Artifact
	56,  // 140: clientrpc.MaliceRPC.UpdateArtifact:input_type -> clientpb.Artifact
	56,  // 141: clientrpc.MaliceRPC.DeleteArtifact:input_type -> clientpb.Artifact
	56,  // 142: clientrpc.MaliceRPC.GetArtifactProfile:input_type -> clientpb.Artifact
	1,   // 143: clientrpc.MaliceRPC.GetLicenseInfo:input_type -> clientpb.Empty
	57,  // 144: clientrpc.MaliceRPC.UpdateGithubConfig:input_type -> clientpb.GithubActionBuildConfig
	1,   // 145: clientrpc.MaliceRPC.GetGithubConfig:input_type -> clientpb.Empty
	58,  // 146: clientrpc.MaliceRPC.UpdateSaasConfig:input_type -> clientpb.SaasConfig
	1,   // 147: clientrpc.MaliceRPC.GetSaasConfig:input_type -> clientpb.Empty
	59,  // 148: clientrpc.MaliceRPC.UpdateNotifyConfig:input_type -> clientpb.Notify
	1,   // 149: clientrpc.MaliceRPC.GetNotifyConfig:input_type -> clientpb.Empty
	1,   // 150: clientrpc.MaliceRPC.GetAcmeConfig:input_type -> clientpb.Empty
	60,  // 151: clientrpc.MaliceRPC.UpdateAcmeConfig:input_type -> clientpb.AcmeConfig
	1,   // 152: clientrpc.MaliceRPC.RefreshConfig:input_type -> clientpb.Empty
	61,  // 153: clientrpc.MaliceRPC.DeleteCertificate:input_type -> clientpb.Cert
	62,  // 154: clientrpc.MaliceRPC.UpdateCertificate:input_type -> clientpb.TLS
	1,   // 155: clientrpc.MaliceRPC.GetAllCertificates:input_type -> clientpb.Empty
	61,  // 156: clientrpc.MaliceRPC.DownloadCertificate:input_type -> clientpb.Cert
	63,  // 157: clientrpc.MaliceRPC.ApplyCertificate:input_type -> clientpb.CertificateApplyRequest
	64,  // 158: clientrpc.MaliceRPC.ObtainAcmeCert:input_type -> clientpb.AcmeRequest
	65,  // 159: clientrpc.MaliceRPC.PtyRequest:input_type -> modulepb.PtyRequest
	66,  // 160: clientrpc.MaliceRPC.GetContexts:input_type -> clientpb.Context
	66,  // 161: clientrpc.MaliceRPC.AddContext:input_type -> clientpb.Context
	66,  // 162: clientrpc.MaliceRPC.AddScreenShot:input_type -> clientpb.Context
	66,  // 163: clientrpc.MaliceRPC.AddCredential:input_type -> clientpb.Context
	66,  // 164: clientrpc.MaliceRPC.AddKeylogger:input_type -> clientpb.Context
	66,  // 165: clientrpc.MaliceRPC.AddPort:input_type -> clientpb.Context
	66,  // 166: clientrpc.MaliceRPC.AddUpload:input_type -> clientpb.Context
	66,  // 167: clientrpc.MaliceRPC.AddDownload:input_type -> clientpb.Context
	66,  // 168: clientrpc.MaliceRPC.DeleteContext:input_type -> clientpb.Context
	67,  // 169: clientrpc.MaliceRPC.CreateProject:input_type -> clientpb.CreateProjectRequest
	68,  // 170: clientrpc.MaliceRPC.GetProject:input_type -> clientpb.Project
	1,   // 171: clientrpc.MaliceRPC.ListProjects:input_type -> clientpb.Empty
	69,  // 172: clientrpc.MaliceRPC.UpdateProject:input_type -> clientpb.UpdateProjectRequest
	70,  // 173: clientrpc.MaliceRPC.DeleteProject:input_type -> clientpb.DeleteProjectRequest
	71,  // 174: clientrpc.MaliceRPC.EventsV2:input_type -> clientpb.EventSubscription
	72,  // 175: clientrpc.MaliceRPC.ListSessionLinks:input_type -> clientpb.SessionLinkRequest
	72,  // 176: clientrpc.MaliceRPC.SetSessionLink:input_type -> clientpb.SessionLinkRequest
	72,  // 177: clientrpc.MaliceRPC.RemoveSessionLink:input_type -> clientpb.SessionLinkRequest
	73,  // 178: clientrpc.RootRPC.AddClient:input_type -> rootpb.Operator
	73,  // 179: clientrpc.RootRPC.RemoveClient:input_type -> rootpb.Operator
	73,  // 180: clientrpc.RootRPC.ListClients:input_type -> rootpb.Operator
	73,  // 181: clientrpc.RootRPC.AddListener:input_type -> rootpb.Operator
	73,  // 182: clientrpc.RootRPC.RemoveListener:input_type -> rootpb.Operator
	73,  // 183: clientrpc.RootRPC.ListListeners:input_type -> rootpb.Operator
	74,  // 184: clientrpc.MaliceRPC.LoginClient:output_type -> clientpb.Client
	75,  // 185: clientrpc.MaliceRPC.GetBasic:output_type -> clientpb.Basic
	76,  // 186: clientrpc.MaliceRPC.GetClients:output_type -> clientpb.Clients
	77,  // 187: clientrpc.MaliceRPC.GetSessions:output_type -> clientpb.Sessions
	11,  // 188: clientrpc.MaliceRPC.GetSession:output_type -> clientpb.Session
	78,  // 189: clientrpc.MaliceRPC.GetSessionCount:output_type -> clientpb.SessionCount
	79,  // 190: clientrpc.MaliceRPC.GetSessionHistory:output_type -> clientpb.TasksContext
	1,   // 191: clientrpc.MaliceRPC.SessionManage:output_type -> clientpb.Empty
	80,  // 192: clientrpc.MaliceRPC.GetListeners:output_type -> clientpb.Listeners
	81,  // 193: clientrpc.MaliceRPC.ConnectForwardListener:output_type -> clientpb.ForwardListenerStatus
	81,  // 194: clientrpc.MaliceRPC.DisconnectForwardListener:output_type -> clientpb.ForwardListenerStatus
	81,  // 195: clientrpc.MaliceRPC.GetForwardListenerStatus:output_type -> clientpb.ForwardListenerStatus
	82,  // 196: clientrpc.MaliceRPC.ListForwardListeners:output_type -> clientpb.ForwardListenerStatuses
	81,  // 197: clientrpc.MaliceRPC.RetireListener:output_type -> clientpb.ForwardListenerStatus
	83,  // 198: clientrpc.MaliceRPC.GetJobs:output_type -> clientpb.Jobs
	84,  // 199: clientrpc.MaliceRPC.GetAudit:output_type -> clientpb.Audits
	85,  // 200: clientrpc.MaliceRPC.GetTasks:output_type -> clientpb.Tasks
	86,  // 201: clientrpc.MaliceRPC.QueryTasks:output_type -> clientpb.TaskDetails
	87,  // 202: clientrpc.MaliceRPC.GetTaskContent:output_type -> clientpb.TaskContext
	88,  // 203: clientrpc.MaliceRPC.GetContextFiles:output_type -> clientpb.Files
	87,  // 204: clientrpc.MaliceRPC.WaitTaskContent:output_type -> clientpb.TaskContext
	87,  // 205: clientrpc.MaliceRPC.WaitTaskFinish:output_type -> clientpb.TaskContext
	89,  // 206: clientrpc.MaliceRPC.GetAllTaskContent:output_type -> clientpb.TaskContexts
	88,  // 207: clientrpc.MaliceRPC.GetFiles:output_type -> clientpb.Files
	12,  // 208: clientrpc.MaliceRPC.Events:output_type -> clientpb.Event
	1,   // 209: clientrpc.MaliceRPC.Broadcast:output_type -> clientpb.Empty
	1,   // 210: clientrpc.MaliceRPC.Notify:output_type -> clientpb.Empty
	90,  // 211: clientrpc.MaliceRPC.GetEvent:output_type -> clientpb.Events
	1,   // 212: clientrpc.MaliceRPC.SessionEvent:output_type -> clientpb.Empty
	1,   // 213: clientrpc.MaliceRPC.OnHook:output_type -> clientpb.Empty
	10,  // 214: clientrpc.MaliceRPC.Ping:output_type -> clientpb.Task
	10,  // 215: clientrpc.MaliceRPC.Sleep:output_type -> clientpb.Task
	10,  // 216: clientrpc.MaliceRPC.Keepalive:output_type -> clientpb.Task
	10,  // 217: clientrpc.MaliceRPC.Suicide:output_type -> clientpb.Task
	10,  // 218: clientrpc.MaliceRPC.ListModule:output_type -> clientpb.Task
	10,  // 219: clientrpc.MaliceRPC.LoadModule:output_type -> clientpb.Task
	10,  // 220: clientrpc.MaliceRPC.UnloadModule:output_type -> clientpb.Task
	10,  // 221: clientrpc.MaliceRPC.RefreshModule:output_type -> clientpb.Task
	10,  // 222: clientrpc.MaliceRPC.ExecuteModule:output_type -> clientpb.Task
	10,  // 223: clientrpc.MaliceRPC.BridgeAgentChat:output_type -> clientpb.Task
	10,  // 224: clientrpc.MaliceRPC.ListAddon:output_type -> clientpb.Task
	10,  // 225: clientrpc.MaliceRPC.LoadAddon:output_type -> clientpb.Task
	10,  // 226: clientrpc.MaliceRPC.ExecuteAddon:output_type -> clientpb.Task
	10,  // 227: clientrpc.MaliceRPC.Clear:output_type -> clientpb.Task
	10,  // 228: clientrpc.MaliceRPC.ListTasks:output_type -> clientpb.Task
	10,  // 229: clientrpc.MaliceRPC.QueryTask:output_type -> clientpb.Task
	10,  // 230: clientrpc.MaliceRPC.CancelTask:output_type -> clientpb.Task
	10,  // 231: clientrpc.MaliceRPC.Switch:output_type -> clientpb.Task
	1,   // 232: clientrpc.MaliceRPC.Polling:output_type -> clientpb.Empty
	1,   // 233: clientrpc.MaliceRPC.StopPolling:output_type -> clientpb.Empty
	91,  // 234: clientrpc.MaliceRPC.PollingStatus:output_type -> clientpb.PollingState
	10,  // 235: clientrpc.MaliceRPC.Upload:output_type -> clientpb.Task
	92,  // 236: clientrpc.MaliceRPC.UploadChunk:output_type -> clientpb.UploadChunkResponse
	10,  // 237: clientrpc.MaliceRPC.Download:output_type -> clientpb.Task
	10,  // 238: clientrpc.MaliceRPC.DownloadDir:output_type -> clientpb.Task
	66,  // 239: clientrpc.MaliceRPC.Sync:output_type -> clientpb.Context
	93,  // 240: clientrpc.MaliceRPC.SyncStream:output_type -> clientpb.ContextChunk
	10,  // 241: clientrpc.MaliceRPC.Pwd:output_type -> clientpb.Task
	10,  // 242: clientrpc.MaliceRPC.Ls:output_type -> clientpb.Task
	10,  // 243: clientrpc.MaliceRPC.Cd:output_type -> clientpb.Task
	10,  // 244: clientrpc.MaliceRPC.Rm:output_type -> clientpb.Task
	10,  // 245: clientrpc.MaliceRPC.Mv:output_type -> clientpb.Task
	10,  // 246: clientrpc.MaliceRPC.Cp:output_type -> clientpb.Task
	10,  // 247: clientrpc.MaliceRPC.Cat:output_type -> clientpb.Task
	10,  // 248: clientrpc.MaliceRPC.Mkdir:output_type -> clientpb.Task
	10,  // 249: clientrpc.MaliceRPC.Touch:output_type -> clientpb.Task
	10,  // 250: clientrpc.MaliceRPC.Chmod:output_type -> clientpb.Task
	10,  // 251: clientrpc.MaliceRPC.Chown:output_type -> clientpb.Task
	10,  // 252: clientrpc.MaliceRPC.EnumDrivers:output_type -> clientpb.Task
	10,  // 253: clientrpc.MaliceRPC.Kill:output_type -> clientpb.Task
	10,  // 254: clientrpc.MaliceRPC.Ps:output_type -> clientpb.Task
	10,  // 255: clientrpc.MaliceRPC.Netstat:output_type -> clientpb.Task
	10,  // 256: clientrpc.MaliceRPC.Curl:output_type -> clientpb.Task
	10,  // 257: clientrpc.MaliceRPC.Env:output_type -> clientpb.Task
	10,  // 258: clientrpc.MaliceRPC.SetEnv:output_type -> clientpb.Task
	10,  // 259: clientrpc.MaliceRPC.UnsetEnv:output_type -> clientpb.Task
	10,  // 260: clientrpc.MaliceRPC.Whoami:output_type -> clientpb.Task
	10,  // 261: clientrpc.MaliceRPC.Info:output_type -> clientpb.Task
	10,  // 262: clientrpc.MaliceRPC.Bypass:output_type -> clientpb.Task
	10,  // 263: clientrpc.MaliceRPC.RegQuery:output_type -> clientpb.Task
	10,  // 264: clientrpc.MaliceRPC.RegAdd:output_type -> clientpb.Task
	10,  // 265: clientrpc.MaliceRPC.RegDelete:output_type -> clientpb.Task
	10,  // 266: clientrpc.MaliceRPC.RegListKey:output_type -> clientpb.Task
	10,  // 267: clientrpc.MaliceRPC.RegListValue:output_type -> clientpb.Task
	10,  // 268: clientrpc.MaliceRPC.ServiceList:output_type -> clientpb.Task
	10,  // 269: clientrpc.MaliceRPC.ServiceCreate:output_type -> clientpb.Task
	10,  // 270: clientrpc.MaliceRPC.ServiceStart:output_type -> clientpb.Task
	10,  // 271: clientrpc.MaliceRPC.ServiceStop:output_type -> clientpb.Task
	10,  // 272: clientrpc.MaliceRPC.ServiceQuery:output_type -> clientpb.Task
	10,  // 273: clientrpc.MaliceRPC.ServiceDelete:output_type -> clientpb.Task
	10,  // 274: clientrpc.MaliceRPC.TaskSchdList:output_type -> clientpb.Task
	10,  // 275: clientrpc.MaliceRPC.TaskSchdCreate:output_type -> clientpb.Task
	10,  // 276: clientrpc.MaliceRPC.TaskSchdStart:output_type -> clientpb.Task
	10,  // 277: clientrpc.MaliceRPC.TaskSchdStop:output_type -> clientpb.Task
	10,  // 278: clientrpc.MaliceRPC.TaskSchdDelete:output_type -> clientpb.Task
	10,  // 279: clientrpc.MaliceRPC.TaskSchdQuery:output_type -> clientpb.Task
	10,  // 280: clientrpc.MaliceRPC.TaskSchdRun:output_type -> clientpb.Task
	10,  // 281: clientrpc.MaliceRPC.WmiQuery:output_type -> clientpb.Task
	10,  // 282: clientrpc.MaliceRPC.WmiExecute:output_type -> clientpb.Task
	10,  // 283: clientrpc.MaliceRPC.Runas:output_type -> clientpb.Task
	10,  // 284: clientrpc.MaliceRPC.Privs:output_type -> clientpb.Task
	10,  // 285: clientrpc.MaliceRPC.Rev2Self:output_type -> clientpb.Task
	10,  // 286: clientrpc.MaliceRPC.GetSystem:output_type -> clientpb.Task
	10,  // 287: clientrpc.MaliceRPC.PipeUpload:output_type -> clientpb.Task
	10,  // 288: clientrpc.MaliceRPC.PipeRead:output_type -> clientpb.Task
	10,  // 289: clientrpc.MaliceRPC.PipeClose:output_type -> clientpb.Task
	10,  // 290: clientrpc.MaliceRPC.PipeServer:output_type -> clientpb.Task
	10,  // 291: clientrpc.MaliceRPC.Execute:output_type -> clientpb.Task
	10,  // 292: clientrpc.MaliceRPC.ExecuteSpawn:output_type -> clientpb.Task
	10,  // 293: clientrpc.MaliceRPC.ExecuteAssembly:output_type -> clientpb.Task
	10,  // 294: clientrpc.MaliceRPC.ExecutePowerpick:output_type -> clientpb.Task
	10,  // 295: clientrpc.MaliceRPC.ExecuteEXE:output_type -> clientpb.Task
	10,  // 296: clientrpc.MaliceRPC.ExecuteDLL:output_type -> clientpb.Task
	10,  // 297: clientrpc.MaliceRPC.ExecuteArmory:output_type -> clientpb.Task
	10,  // 298: clientrpc.MaliceRPC.ExecuteShellcode:output_type -> clientpb.Task
	10,  // 299: clientrpc.MaliceRPC.ExecuteBof:output_type -> clientpb.Task
	10,  // 300: clientrpc.MaliceRPC.ExecuteLocal:output_type -> clientpb.Task
	10,  // 301: clientrpc.MaliceRPC.InlineLocal:output_type -> clientpb.Task
	10,  // 302: clientrpc.MaliceRPC.RemDial:output_type -> clientpb.Task
	10,  // 303: clientrpc.MaliceRPC.TcpRelay:output_type -> clientpb.Task
	10,  // 304: clientrpc.MaliceRPC.TunnelOpen:output_type -> clientpb.Task
	10,  // 305: clientrpc.MaliceRPC.TunnelData:output_type -> clientpb.Task
	10,  // 306: clientrpc.MaliceRPC.TunnelClose:output_type -> clientpb.Task
	10,  // 307: clientrpc.MaliceRPC.FFmpeg:output_type -> clientpb.Task
	94,  // 308: clientrpc.MaliceRPC.EXE2Shellcode:output_type -> clientpb.Bin
	94,  // 309: clientrpc.MaliceRPC.DLL2Shellcode:output_type -> clientpb.Bin
	94,  // 310: clientrpc.MaliceRPC.ShellcodeEncode:output_type -> clientpb.Bin
	94,  // 311: clientrpc.MaliceRPC.MutantSrdi:output_type -> clientpb.Bin
	94,  // 312: clientrpc.MaliceRPC.MutantStrip:output_type -> clientpb.Bin
	94,  // 313: clientrpc.MaliceRPC.MutantSigforge:output_type -> clientpb.Bin
	95,  // 314: clientrpc.MaliceRPC.MutantTool:output_type -> clientpb.MutantToolResponse
	96,  // 315: clientrpc.MaliceRPC.ListJobs:output_type -> clientpb.Pipelines
	97,  // 316: clientrpc.MaliceRPC.GetProfiles:output_type -> clientpb.Profiles
	55,  // 317: clientrpc.MaliceRPC.GetProfileByName:output_type -> clientpb.Profile
	1,   // 318: clientrpc.MaliceRPC.DeleteProfile:output_type -> clientpb.Empty
	1,   // 319: clientrpc.MaliceRPC.UpdateProfile:output_type -> clientpb.Empty
	98,  // 320: clientrpc.MaliceRPC.ListArtifact:output_type -> clientpb.Artifacts
	56,  // 321: clientrpc.MaliceRPC.DownloadArtifact:output_type -> clientpb.Artifact
	99,  // 322: clientrpc.MaliceRPC.DownloadArtifactStream:output_type -> clientpb.ArtifactChunk
	56,  // 323: clientrpc.MaliceRPC.UploadArtifact:output_type -> clientpb.Artifact
	56,  // 324: clientrpc.MaliceRPC.UpdateArtifact:output_type -> clientpb.Artifact
	1,   // 325: clientrpc.MaliceRPC.DeleteArtifact:output_type -> clientpb.Empty
	56,  // 326: clientrpc.MaliceRPC.GetArtifactProfile:output_type -> clientpb.Artifact
	100, // 327: clientrpc.MaliceRPC.GetLicenseInfo:output_type -> clientpb.LicenseInfo
	1,   // 328: clientrpc.MaliceRPC.UpdateGithubConfig:output_type -> clientpb.Empty
	57,  // 329: clientrpc.MaliceRPC.GetGithubConfig:output_type -> clientpb.GithubActionBuildConfig
	1,   // 330: clientrpc.MaliceRPC.UpdateSaasConfig:output_type -> clientpb.Empty
	58,  // 331: clientrpc.MaliceRPC.GetSaasConfig:output_type -> clientpb.SaasConfig
	1,   // 332: clientrpc.MaliceRPC.UpdateNotifyConfig:output_type -> clientpb.Empty
	59,  // 333: clientrpc.MaliceRPC.GetNotifyConfig:output_type -> clientpb.Notify
	60,  // 334: clientrpc.MaliceRPC.GetAcmeConfig:output_type -> clientpb.AcmeConfig
	1,   // 335: clientrpc.MaliceRPC.UpdateAcmeConfig:output_type -> clientpb.Empty
	1,   // 336: clientrpc.MaliceRPC.RefreshConfig:output_type -> clientpb.Empty
	1,   // 337: clientrpc.MaliceRPC.DeleteCertificate:output_type -> clientpb.Empty
	1,   // 338: clientrpc.MaliceRPC.UpdateCertificate:output_type -> clientpb.Empty
	101, // 339: clientrpc.MaliceRPC.GetAllCertificates:output_type -> clientpb.Certs
	62,  // 340: clientrpc.MaliceRPC.DownloadCertificate:output_type -> clientpb.TLS
	102, // 341: clientrpc.MaliceRPC.ApplyCertificate:output_type -> clientpb.CertificateApplyResult
	1,   // 342: clientrpc.MaliceRPC.ObtainAcmeCert:output_type -> clientpb.Empty
	10,  // 343: clientrpc.MaliceRPC.PtyRequest:output_type -> clientpb.Task
	103, // 344: clientrpc.MaliceRPC.GetContexts:output_type -> clientpb.Contexts
	1,   // 345: clientrpc.MaliceRPC.AddContext:output_type -> clientpb.Empty
	1,   // 346: clientrpc.MaliceRPC.AddScreenShot:output_type -> clientpb.Empty
	1,   // 347: clientrpc.MaliceRPC.AddCredential:output_type -> clientpb.Empty
	1,   // 348: clientrpc.MaliceRPC.AddKeylogger:output_type -> clientpb.Empty
	1,   // 349: clientrpc.MaliceRPC.AddPort:output_type -> clientpb.Empty
	1,   // 350: clientrpc.MaliceRPC.AddUpload:output_type -> clientpb.Empty
	1,   // 351: clientrpc.MaliceRPC.AddDownload:output_type -> clientpb.Empty
	1,   // 352: clientrpc.MaliceRPC.DeleteContext:output_type -> clientpb.Empty
	68,  // 353: clientrpc.MaliceRPC.CreateProject:output_type -> clientpb.Project
	68,  // 354: clientrpc.MaliceRPC.GetProject:output_type -> clientpb.Project
	104, // 355: clientrpc.MaliceRPC.ListProjects:output_type -> clientpb.Projects
	68,  // 356: clientrpc.MaliceRPC.UpdateProject:output_type -> clientpb.Project
	1,   // 357: clientrpc.MaliceRPC.DeleteProject:output_type -> clientpb.Empty
	105, // 358: clientrpc.MaliceRPC.EventsV2:output_type -> clientpb.EventEnvelope
	106, // 359: clientrpc.MaliceRPC.ListSessionLinks:output_type -> clientpb.SessionLinks
	107, // 360: clientrpc.MaliceRPC.SetSessionLink:output_type -> clientpb.SessionLink
	1,   // 361: clientrpc.MaliceRPC.RemoveSessionLink:output_type -> clientpb.Empty
	108, // 362: clientrpc.RootRPC.AddClient:output_type -> rootpb.Response
	108, // 363: clientrpc.RootRPC.RemoveClient:output_type -> rootpb.Response
	76,  // 364: clientrpc.RootRPC.ListClients:output_type -> clientpb.Clients
	108, // 365: clientrpc.RootRPC.AddListener:output_type -> rootpb.Response
	108, // 366: clientrpc.RootRPC.RemoveListener:output_type -> rootpb.Response
	80,  // 367: clientrpc.RootRPC.ListListeners:output_type -> clientpb.Listeners
	184, // [184:368] is the sub-list for method output_type
	0,   // [0:184] is the sub-list for method input_type
	0,   // [0:0] is the sub-list for extension type_name
	0,   // [0:0] is the sub-list for extension extendee
	0,   // [0:0] is the sub-list for field type_name
}

func init() { file_services_clientrpc_service_proto_init() }
func file_services_clientrpc_service_proto_init() {
	if File_services_clientrpc_service_proto != nil {
		return
	}
	type x struct{}
	out := protoimpl.TypeBuilder{
		File: protoimpl.DescBuilder{
			GoPackagePath: reflect.TypeOf(x{}).PkgPath(),
			RawDescriptor: file_services_clientrpc_service_proto_rawDesc,
			NumEnums:      0,
			NumMessages:   0,
			NumExtensions: 0,
			NumServices:   2,
		},
		GoTypes:           file_services_clientrpc_service_proto_goTypes,
		DependencyIndexes: file_services_clientrpc_service_proto_depIdxs,
	}.Build()
	File_services_clientrpc_service_proto = out.File
	file_services_clientrpc_service_proto_rawDesc = nil
	file_services_clientrpc_service_proto_goTypes = nil
	file_services_clientrpc_service_proto_depIdxs = nil
}
